simulation_id,scenario_name,truth_model,speed_dist,trials_per_cell,true_C,true_K,true_t0_s,true_t0_ms,true_cv_C,true_sigma_t0_s,true_sigma_t0_ms,C_old,K_old,t0_old_s,t0_old_ms,loglik_old,nll_old,aic_old,bic_old,old_success,old_optimizer_message,old_n_starts,old_n_failed_starts,old_condition_rmse,C_new,K_new,t0_new_s,t0_new_ms,cv_C_new,loglik_new,nll_new,aic_new,bic_new,new_success,new_optimizer_message,new_n_starts,new_n_failed_starts,new_condition_rmse,C_t0var,K_t0var,t0_t0var_s,t0_t0var_ms,sigma_t0_t0var_s,sigma_t0_t0var_ms,loglik_t0var,nll_t0var,aic_t0var,bic_t0var,t0var_success,t0var_optimizer_message,t0var_n_starts,t0var_n_failed_starts,t0var_condition_rmse,delta_loglik_new_minus_old,delta_aic_new_minus_old,delta_bic_new_minus_old,delta_condition_rmse_new_minus_old,winner_aic_new_vs_old,winner_bic_new_vs_old,winner_condition_rmse_new_vs_old,delta_loglik_t0var_minus_old,delta_aic_t0var_minus_old,delta_bic_t0var_minus_old,delta_condition_rmse_t0var_minus_old,winner_aic_t0var_vs_old,winner_bic_t0var_vs_old,winner_condition_rmse_t0var_vs_old,delta_loglik_new_minus_t0var,delta_aic_new_minus_t0var,delta_bic_new_minus_t0var,delta_condition_rmse_new_minus_t0var,winner_aic_new_vs_t0var,winner_bic_new_vs_t0var,winner_condition_rmse_new_vs_t0var,winner_aic_3way,winner_bic_3way,winner_condition_rmse_3way,n_trials_used,n_cells_used,fit_seconds,replication_id,unit_seed,run_block
1,S01_old_lowC,old,gamma,30,32.0,3.4,0.015,15.0,0.0001,0.0,0.0,31.617320820374566,3.4110801232059993,0.014577498945127332,14.577498945127331,-435.57376333608244,435.57376333608244,877.1475266721649,889.2682908059971,True,CONVERGENCE: RELATIVE REDUCTION OF F <= FACTR*EPSMCH,33,0,0.10553449424024097,31.617318867212678,3.411080203182709,0.014577499870983815,14.577499870983816,0.0001,-435.57376349604425,435.57376349604425,879.1475269920885,895.3085458371982,True,CONVERGENCE: RELATIVE REDUCTION OF F <= FACTR*EPSMCH,107,0,0.10553450579133605,31.617181154052638,3.411080824189032,0.014577197424231872,14.577197424231873,0.0001,0.1,-435.57410779142265,435.57410779142265,879.1482155828453,895.309234427955,True,CONVERGENCE: RELATIVE REDUCTION OF F <= FACTR*EPSMCH,104,0,0.10553474315055936,-1.599618144609849e-07,2.000000319923629,6.0402550312010135,1.1551095080442053e-08,old,old,old,-0.00034445534021187996,2.0006889106804238,6.040943621957808,2.489103183844765e-07,old,old,old,0.00034429537839741897,-0.0006885907567948379,-0.0006885907567948379,-2.3735922330403447e-07,new,new,new,old,old,old,420,49,25.76760983467102,1,3003105692,main
2,S01_old_lowC,old,gamma,30,32.0,3.4,0.015,15.0,0.0001,0.0,0.0,34.23531922987219,3.3961928485116597,0.015826095678598953,15.826095678598953,-425.61503729559365,425.61503729559365,857.2300745911873,869.3508387250196,True,CONVERGENCE: RELATIVE REDUCTION OF F <= FACTR*EPSMCH,33,0,0.1386784328141423,34.235322495615705,3.396192839471913,0.01582609680418946,15.82609680418946,0.0001,-425.61503766480286,425.61503766480286,859.2300753296057,875.3910941747154,True,CONVERGENCE: RELATIVE REDUCTION OF F <= FACTR*EPSMCH,107,0,0.13867844160011694,34.23514999321979,3.3961938265029774,0.015825770280144685,15.825770280144685,0.0001,0.1,-425.6154723707753,425.6154723707753,859.2309447415506,875.3919635866603,True,CONVERGENCE: RELATIVE REDUCTION OF F <= FACTR*EPSMCH,104,0,0.13867789257837687,-3.6920920365446364e-07,2.0000007384184073,6.040255449695792,8.785974642266936e-09,old,old,old,-0.00043507518165597503,2.000870150363312,6.0411248616406965,-5.402357654282763e-07,old,old,t0var,0.00043470597245232057,-0.0008694119449046411,-0.0008694119449046411,5.490217400705433e-07,new,new,t0var,old,old,t0var,420,47,24.495157957077026,2,976400780,main
3,S01_old_lowC,old,gamma,30,32.0,3.4,0.015,15.0,0.0001,0.0,0.0,30.336466292376763,3.3112084511735027,0.012402091359764009,12.40209135976401,-447.81938977235797,447.81938977235797,901.6387795447159,913.7595436785482,True,CONVERGENCE: RELATIVE REDUCTION OF F <= FACTR*EPSMCH,33,0,0.1198712193793877,30.336465273982366,3.3112083413942504,0.012402094562118297,12.402094562118297,0.0001,-447.8193898668583,447.8193898668583,903.6387797337165,919.7997985788262,True,CONVERGENCE: RELATIVE REDUCTION OF F <= FACTR*EPSMCH,107,0,0.11987121398114467,30.336349689168856,3.3112088907182717,0.012401807405639988,12.401807405639987,0.0001,0.1,-447.8196480647387,447.8196480647387,903.6392961294774,919.8003149745871,True,CONVERGENCE: RELATIVE REDUCTION OF F <= FACTR*EPSMCH,104,0,0.11987140034523011,-9.450030802327092e-08,2.000000189000616,6.040254900278001,-5.398243033138961e-09,old,old,new,-0.0002582923807494808,2.000516584761499,6.0407712960388835,1.809658424084537e-07,old,old,old,0.00025819788044145753,-0.0005163957608829151,-0.0005163957608829151,-1.8636408544159266e-07,new,new,new,old,old,new,420,51,25.12699580192566,3,3387213021,main
4,S01_old_lowC,old,gamma,30,32.0,3.4,0.015,15.0,0.0001,0.0,0.0,31.261526532517948,3.2780831269433532,0.014534962905545725,14.534962905545726,-436.47038275550284,436.47038275550284,878.9407655110057,891.061529644838,True,CONVERGENCE: RELATIVE REDUCTION OF F <= FACTR*EPSMCH,33,0,0.1268556370826681,31.288795356717195,3.277825086354932,0.014543576939185492,14.543576939185492,0.03174498749929585,-436.4701944049621,436.4701944049621,880.9403888099242,897.1014076550339,True,CONVERGENCE: RELATIVE REDUCTION OF F <= FACTR*EPSMCH,107,0,0.12692463580925353,31.261408550356784,3.278083333234938,0.014534675736537472,14.534675736537473,0.0001,0.1,-436.47065265485185,436.47065265485185,880.9413053097037,897.1023241548133,True,CONVERGENCE: RELATIVE REDUCTION OF F <= FACTR*EPSMCH,104,0,0.12685638896269472,0.0001883505407249686,1.99962329891855,6.039878010195935,6.899872658544526e-05,old,old,old,-0.00026989934900711887,2.0005397986980142,6.040794509975399,7.518800266281822e-07,old,old,old,0.00045824988973208747,-0.0009164997794641749,-0.0009164997794641749,6.824684655881708e-05,new,new,t0var,old,old,old,420,50,26.243533849716187,4,1360466708,main
5,S01_old_lowC,old,gamma,30,32.0,3.4,0.015,15.0,0.0001,0.0,0.0,33.09514314695248,3.3782039988850556,0.01703330469982392,17.03330469982392,-439.81790578573873,439.81790578573873,885.6358115714775,897.7565757053097,True,CONVERGENCE: RELATIVE REDUCTION OF F <= FACTR*EPSMCH,33,0,0.16699304127324374,33.78324306599502,3.3710763886313475,0.017163549627387947,17.163549627387948,0.1568962910573897,-439.7073808604681,439.7073808604681,887.4147617209362,903.5757805660459,True,CONVERGENCE: RELATIVE REDUCTION OF F <= FACTR*EPSMCH,107,0,0.16691257280624083,34.716772651074436,3.368717991809368,0.020156910686211414,20.156910686211415,0.009740324020426395,9.740324020426394,-439.47673985420937,439.47673985420937,886.9534797084187,903.1144985535284,True,CONVERGENCE: RELATIVE REDUCTION OF F <= FACTR*EPSMCH,104,0,0.16760402199540284,0.11052492527062441,1.7789501494587512,5.819204860736136,-8.046846700290877e-05,old,old,new,0.3411659315293605,1.317668136941279,5.357922848218664,0.0006109807221590935,old,old,old,-0.23064100625873607,0.46128201251747214,0.46128201251747214,-0.0006914491891620023,t0var,t0var,new,old,old,new,420,52,38.86184811592102,5,876933080,main
6,S01_old_lowC,old,gamma,30,32.0,3.4,0.015,15.0,0.0001,0.0,0.0,30.849362257332974,3.2948115419742896,0.014726715689203624,14.726715689203624,-430.1220372389264,430.1220372389264,866.2440744778528,878.3648386116851,True,CONVERGENCE: RELATIVE REDUCTION OF F <= FACTR*EPSMCH,33,0,0.11228784208856578,30.8493626268859,3.294811739958518,0.014726721858150554,14.726721858150555,0.0001,-430.12203744088407,430.12203744088407,868.2440748817681,884.4050937268778,True,CONVERGENCE: RELATIVE REDUCTION OF F <= FACTR*EPSMCH,107,0,0.11228780991440135,30.849232599779192,3.2948119683037946,0.014726423456314608,14.726423456314608,0.0001,0.1,-430.12236600439167,430.12236600439167,868.2447320087833,884.405750853893,True,CONVERGENCE: RELATIVE REDUCTION OF F <= FACTR*EPSMCH,104,0,0.11228843090005183,-2.01957675471931e-07,2.000000403915351,6.0402551151927355,-3.217416442991006e-08,old,old,new,-0.00032876546526949824,2.000657530930539,6.0409122422079236,5.888114860547189e-07,old,old,old,0.0003285635075940263,-0.0006571270151880526,-0.0006571270151880526,-6.20985650484629e-07,new,new,new,old,old,new,420,48,25.376829385757446,6,3424658561,main
7,S01_old_lowC,old,gamma,30,32.0,3.4,0.015,15.0,0.0001,0.0,0.0,30.802986848485812,3.3125415759165957,0.013500931758081135,13.500931758081135,-444.25347476018794,444.25347476018794,894.5069495203759,906.6277136542082,True,CONVERGENCE: RELATIVE REDUCTION OF F <= FACTR*EPSMCH,33,0,0.11794207510009033,30.802984163783705,3.3125415189922367,0.013500928107882762,13.500928107882762,0.0001,-444.2534749161683,444.2534749161683,896.5069498323365,912.6679686774462,True,CONVERGENCE: RELATIVE REDUCTION OF F <= FACTR*EPSMCH,107,0,0.11794205969300289,30.802869013945255,3.3125418838193204,0.01350065203672081,13.50065203672081,0.0001,0.1,-444.25369859624783,444.25369859624783,896.5073971924957,912.6684160376053,True,CONVERGENCE: RELATIVE REDUCTION OF F <= FACTR*EPSMCH,104,0,0.11794136922832942,-1.5598033087371732e-07,2.0000003119606617,6.040255023238046,-1.5407087439189837e-08,old,old,new,-0.00022383605988807176,2.000447672119776,6.040702383397161,-7.058717609170762e-07,old,old,t0var,0.00022368007955719804,-0.0004473601591143961,-0.0004473601591143961,6.904646734778863e-07,new,new,t0var,old,old,t0var,420,51,25.62441635131836,7,2760304911,main
8,S01_old_lowC,old,gamma,30,32.0,3.4,0.015,15.0,0.0001,0.0,0.0,29.8830033010548,3.3670626952383675,0.016185422123107272,16.185422123107273,-447.40440329187777,447.40440329187777,900.8088065837555,912.9295707175878,True,CONVERGENCE: RELATIVE REDUCTION OF F <= FACTR*EPSMCH,33,0,0.16499248884352277,30.747754253543437,3.356350598622754,0.016413257114992922,16.413257114992923,0.18779726102588243,-447.1849315334489,447.1849315334489,902.3698630668978,918.5308819120074,True,CONVERGENCE: RELATIVE REDUCTION OF F <= FACTR*EPSMCH,107,0,0.1638594046266105,29.882896239855864,3.3670631212758986,0.016185161735535483,16.185161735535484,0.0001,0.1,-447.40460729278203,447.40460729278203,902.8092145855641,918.9702334306737,True,CONVERGENCE: RELATIVE REDUCTION OF F <= FACTR*EPSMCH,104,0,0.16499242546834306,0.219471758428881,1.561056483142238,5.6013111944196226,-0.0011330842169122723,old,old,new,-0.00020400090426164752,2.0004080018085233,6.040662713085908,-6.337517971521933e-08,old,old,t0var,0.21967575933314265,-0.4393515186662853,-0.4393515186662853,-0.0011330208417325571,new,new,new,old,old,new,420,50,27.661997079849243,8,2904491693,main
9,S01_old_lowC,old,gamma,30,32.0,3.4,0.015,15.0,0.0001,0.0,0.0,33.1510632834426,3.3462177599355387,0.01336033832038102,13.36033832038102,-454.2140387570007,454.2140387570007,914.4280775140014,926.5488416478337,True,CONVERGENCE: RELATIVE REDUCTION OF F <= FACTR*EPSMCH,33,0,0.11020175797509278,33.680274907754004,3.341217996490915,0.013566244286183554,13.566244286183554,0.12902881018545162,-454.17168795808163,454.17168795808163,916.3433759161633,932.5043947612729,True,CONVERGENCE: RELATIVE REDUCTION OF F <= FACTR*EPSMCH,107,0,0.1116574088860947,33.68126510433767,3.3421173412252716,0.014232473477213067,14.232473477213066,0.008520401346025195,8.520401346025196,-452.88038363685274,452.88038363685274,913.7607672737055,929.9217861188151,True,CONVERGENCE: RELATIVE REDUCTION OF F <= FACTR*EPSMCH,104,0,0.11345767379748976,0.042350798919073895,1.9152984021618522,5.955553113439237,0.0014556509110019156,old,old,old,1.3336551201479665,-0.667310240295933,3.3729444709814516,0.003255915822396982,t0var,old,old,-1.2913043212288926,2.582608642457785,2.582608642457785,-0.0018002649113950664,t0var,t0var,new,t0var,old,old,420,53,55.65581727027893,9,4245388044,main
10,S01_old_lowC,old,gamma,30,32.0,3.4,0.015,15.0,0.0001,0.0,0.0,29.90228667052713,3.368269040648336,0.014090182705140708,14.090182705140707,-442.53212601117826,442.53212601117826,891.0642520223565,903.1850161561888,True,CONVERGENCE: RELATIVE REDUCTION OF F <= FACTR*EPSMCH,33,0,0.09013863150297036,29.902289970565178,3.368268926100911,0.014090188789753204,14.090188789753205,0.0001,-442.5321263239855,442.5321263239855,893.064252647971,909.2252714930806,True,CONVERGENCE: RELATIVE REDUCTION OF F <= FACTR*EPSMCH,107,0,0.09013865366118187,29.902186493744114,3.368269414438618,0.014089934646503398,14.089934646503398,0.0001,0.1,-442.53231074252994,442.53231074252994,893.0646214850599,909.2256403301695,True,CONVERGENCE: RELATIVE REDUCTION OF F <= FACTR*EPSMCH,104,0,0.09013789802549618,-3.1280723078452866e-07,2.0000006256144616,6.040255336891846,2.2158211515632686e-08,old,old,old,-0.00018473135168051158,2.000369462703361,6.040624173980746,-7.334774741740713e-07,old,old,t0var,0.00018441854444972705,-0.0003688370888994541,-0.0003688370888994541,7.55635685689704e-07,new,new,t0var,old,old,t0var,420,51,24.55967950820923,10,1679802727,main
11,S01_old_lowC,old,gamma,30,32.0,3.4,0.015,15.0,0.0001,0.0,0.0,32.33211049967776,3.417528753338944,0.014471151513319704,14.471151513319704,-449.7614858646566,449.7614858646566,905.5229717293132,917.6437358631455,True,CONVERGENCE: RELATIVE REDUCTION OF F <= FACTR*EPSMCH,33,0,0.0636798203558841,32.33209837460584,3.417529142883378,0.014471143411679332,14.471143411679332,0.0001,-449.7614859726304,449.7614859726304,907.5229719452608,923.6839907903704,True,CONVERGENCE: RELATIVE REDUCTION OF F <= FACTR*EPSMCH,107,0,0.06367980228272671,33.228405682432324,3.4105131693345583,0.0161775036324149,16.1775036324149,0.009550334068813105,9.550334068813106,-449.35601351024144,449.35601351024144,906.7120270204829,922.8730458655925,True,CONVERGENCE: RELATIVE REDUCTION OF F <= FACTR*EPSMCH,104,0,0.06135375489397659,-1.0797378990901052e-07,2.00000021594758,6.040254927224964,-1.8073157387332728e-08,old,old,new,0.40547235441516705,1.189055291169666,5.2293100024470505,-0.0023260654619075075,old,old,t0var,-0.40547246238895696,0.8109449247779139,0.8109449247779139,0.00232604738875012,t0var,t0var,t0var,old,old,t0var,420,53,37.11797904968262,11,3605303106,main
12,S01_old_lowC,old,gamma,30,32.0,3.4,0.015,15.0,0.0001,0.0,0.0,32.22807474456385,3.4281668885752348,0.015463420245458154,15.463420245458154,-442.380068755283,442.380068755283,890.760137510566,902.8809016443983,True,CONVERGENCE: RELATIVE REDUCTION OF F <= FACTR*EPSMCH,33,0,0.15230199395498994,32.22810037838731,3.4281663217231233,0.015463429254170345,15.463429254170345,0.0001,-442.3800689120144,442.3800689120144,892.7601378240288,908.9211566691384,True,CONVERGENCE: RELATIVE REDUCTION OF F <= FACTR*EPSMCH,107,0,0.15230192266646378,32.870747999577,3.4233732572899234,0.01675172456121793,16.75172456121793,0.0069763585309812835,6.976358530981283,-442.03818870499913,442.03818870499913,892.0763774099983,908.2373962551079,True,CONVERGENCE: RELATIVE REDUCTION OF F <= FACTR*EPSMCH,104,0,0.1522261476063756,-1.5673140296712518e-07,2.000000313462806,6.0402550247401905,-7.128852616555825e-08,old,old,new,0.34188005028386215,1.3162398994322757,5.35649461070966,-7.584634861435013e-05,old,old,t0var,-0.3418802070152651,0.6837604140305302,0.6837604140305302,7.577506008818458e-05,t0var,t0var,t0var,old,old,t0var,420,48,27.83673334121704,12,1429424934,main
13,S01_old_lowC,old,gamma,30,32.0,3.4,0.015,15.0,0.0001,0.0,0.0,31.00690821095809,3.4708269569874783,0.01565783883607183,15.65783883607183,-452.6655641969322,452.6655641969322,911.3311283938644,923.4518925276967,True,CONVERGENCE: RELATIVE REDUCTION OF F <= FACTR*EPSMCH,33,0,0.09448088189927048,32.15938681656692,3.4535927927593115,0.01599138365519876,15.991383655198762,0.20370833051136242,-452.32714441791893,452.32714441791893,912.6542888358379,928.8153076809475,True,CONVERGENCE: RELATIVE REDUCTION OF F <= FACTR*EPSMCH,107,0,0.0898254628232787,31.006781623513742,3.4708275229546004,0.015657548424199665,15.657548424199666,0.0001,0.1,-452.6658481611649,452.6658481611649,913.3316963223298,929.4927151674394,True,CONVERGENCE: RELATIVE REDUCTION OF F <= FACTR*EPSMCH,104,0,0.09448105776540264,0.338419779013293,1.323160441973414,5.3634151532507985,-0.004655419075991776,old,old,new,-0.00028396423266485726,2.0005679284653297,6.040822639742714,1.7586613215714308e-07,old,old,old,0.33870374324595787,-0.6774074864919157,-0.6774074864919157,-0.004655594942123933,new,new,new,old,old,new,420,49,27.330413579940796,13,2437408156,main
14,S01_old_lowC,old,gamma,30,32.0,3.4,0.015,15.0,0.0001,0.0,0.0,32.16252714687315,3.397072478545411,0.015620085088843548,15.620085088843547,-449.13000174713795,449.13000174713795,904.2600034942759,916.3807676281082,True,CONVERGENCE: RELATIVE REDUCTION OF F <= FACTR*EPSMCH,33,0,0.10806837330522422,32.73850898703534,3.390458874174575,0.015792021982386918,15.792021982386919,0.14100719179653376,-449.05368517713873,449.05368517713873,906.1073703542775,922.2683891993871,True,CONVERGENCE: RELATIVE REDUCTION OF F <= FACTR*EPSMCH,107,0,0.10763325364604111,32.16239444295242,3.397073046181245,0.015619802703352439,15.61980270335244,0.0001,0.1,-449.1302075492541,449.1302075492541,906.2604150985082,922.4214339436179,True,CONVERGENCE: RELATIVE REDUCTION OF F <= FACTR*EPSMCH,104,0,0.10806859377913323,0.07631656999922143,1.8473668600015571,5.887621571278942,-0.0004351196591831086,old,old,new,-0.00020580211617016175,2.0004116042323403,6.040666315509725,2.204739090183594e-07,old,old,old,0.07652237211539159,-0.15304474423078318,-0.15304474423078318,-0.00043534013309212694,new,new,new,old,old,new,420,52,40.332982540130615,14,2569716528,main
15,S01_old_lowC,old,gamma,30,32.0,3.4,0.015,15.0,0.0001,0.0,0.0,31.548720528600683,3.410977990819325,0.015171307477407716,15.171307477407716,-448.23166094560656,448.23166094560656,902.4633218912131,914.5840860250454,True,CONVERGENCE: RELATIVE REDUCTION OF F <= FACTR*EPSMCH,33,0,0.14464303382253776,32.19871929929422,3.4028601253450366,0.015348927735258535,15.348927735258535,0.15385435847598503,-448.1110884371571,448.1110884371571,904.2221768743142,920.3831957194238,True,CONVERGENCE: RELATIVE REDUCTION OF F <= FACTR*EPSMCH,107,0,0.145810352954772,33.570215435618344,3.397024734886789,0.019145231771557667,19.14523177155767,0.011982944417745646,11.982944417745646,-448.0042636218655,448.0042636218655,904.008527243731,920.1695460888407,True,CONVERGENCE: RELATIVE REDUCTION OF F <= FACTR*EPSMCH,104,0,0.1269178760116899,0.1205725084494702,1.7588549831010596,5.799109694378444,0.0011673191322342236,old,old,old,0.2273973237410587,1.5452053525178826,5.585460063795267,-0.017725157810847852,old,old,t0var,-0.10682481529158849,0.21364963058317699,0.21364963058317699,0.018892476943082076,t0var,t0var,t0var,old,old,t0var,420,51,25.76360273361206,15,915442270,main
16,S01_old_lowC,old,gamma,30,32.0,3.4,0.015,15.0,0.0001,0.0,0.0,32.563348197376214,3.3680105450236657,0.01693684259991051,16.93684259991051,-422.9219654877301,422.9219654877301,851.8439309754602,863.9646951092925,True,CONVERGENCE: RELATIVE REDUCTION OF F <= FACTR*EPSMCH,33,0,0.11407391939748522,32.56335706303116,3.368010427223699,0.016936837871524738,16.936837871524737,0.0001,-422.9219655912392,422.9219655912392,853.8439311824784,870.004950027588,True,CONVERGENCE: RELATIVE REDUCTION OF F <= FACTR*EPSMCH,107,0,0.11407390250912619,32.563189602070516,3.3680112504466715,0.016936516806045306,16.936516806045304,0.0001,0.1,-422.9224183247055,422.9224183247055,853.844836649411,870.0058554945207,True,CONVERGENCE: RELATIVE REDUCTION OF F <= FACTR*EPSMCH,104,0,0.11407404365958264,-1.0350908041800722e-07,2.000000207018161,6.040254918295545,-1.688835903068675e-08,old,old,new,-0.0004528369753984407,2.000905673950797,6.041160385228181,1.2426209741733807e-07,old,old,old,0.0004527334663180227,-0.0009054669326360454,-0.0009054669326360454,-1.4115045644802482e-07,new,new,new,old,old,new,420,50,26.72053050994873,16,802017219,main
17,S01_old_lowC,old,gamma,30,32.0,3.4,0.015,15.0,0.0001,0.0,0.0,31.768340409071136,3.4723955896132357,0.015626692054748762,15.626692054748762,-445.4307881518719,445.4307881518719,896.8615763037438,908.9823404375761,True,CONVERGENCE: RELATIVE REDUCTION OF F <= FACTR*EPSMCH,33,0,0.10285326171932137,31.768355884790104,3.47239537126352,0.015626695610335174,15.626695610335174,0.0001,-445.4307883106301,445.4307883106301,898.8615766212602,915.0225954663698,True,CONVERGENCE: RELATIVE REDUCTION OF F <= FACTR*EPSMCH,107,0,0.10285330918130996,34.238708522470574,3.454300012082393,0.020363857291502634,20.363857291502633,0.01205133921878656,12.05133921878656,-443.82324678531313,443.82324678531313,895.6464935706263,911.8075124157359,True,CONVERGENCE: RELATIVE REDUCTION OF F <= FACTR*EPSMCH,104,0,0.08838629946298168,-1.587581550666073e-07,2.00000031751631,6.040255028793695,4.74619885892924e-08,old,old,old,1.6075413665587917,-1.2150827331175833,2.8251719781598013,-0.014466962256339685,t0var,old,t0var,-1.6075415253169467,3.2150830506338934,3.2150830506338934,0.014467009718328275,t0var,t0var,t0var,t0var,old,t0var,420,52,30.236712217330933,17,984129068,main
18,S01_old_lowC,old,gamma,30,32.0,3.4,0.015,15.0,0.0001,0.0,0.0,31.76693533747223,3.3985395484365877,0.01662555600996391,16.625556009963912,-453.0791922260617,453.0791922260617,912.1583844521234,924.2791485859557,True,CONVERGENCE: RELATIVE REDUCTION OF F <= FACTR*EPSMCH,33,0,0.07448915337785461,34.74024228454,3.3673159676025914,0.017242008535497386,17.242008535497387,0.32585132888804114,-450.9522023149228,450.9522023149228,909.9044046298455,926.0654234749552,True,CONVERGENCE: RELATIVE REDUCTION OF F <= FACTR*EPSMCH,107,0,0.07267712217467429,31.76681542903496,3.3985401962232844,0.016625272003221753,16.625272003221752,0.0001,0.1,-453.0793857378562,453.0793857378562,914.1587714757125,930.3197903208221,True,CONVERGENCE: RELATIVE REDUCTION OF F <= FACTR*EPSMCH,104,0,0.07448918991755017,2.126989911138935,-2.25397982227787,1.7862748889995146,-0.0018120312031803254,new,old,new,-0.00019351179452087308,2.0003870235890417,6.040641734866426,3.6539695560944274e-08,old,old,old,2.127183422933456,-4.254366845866912,-4.254366845866912,-0.0018120677428758863,new,new,new,new,old,new,420,54,27.60184907913208,18,2889465206,main
19,S01_old_lowC,old,gamma,30,32.0,3.4,0.015,15.0,0.0001,0.0,0.0,37.72805841492909,3.3793164333681136,0.01854178416714906,18.54178416714906,-416.74572877209124,416.74572877209124,839.4914575441825,851.6122216780147,True,CONVERGENCE: RELATIVE REDUCTION OF F <= FACTR*EPSMCH,33,0,0.17358879432350888,37.72807341202496,3.379316449916327,0.0185417864811854,18.5417864811854,0.0001,-416.74572890974343,416.74572890974343,841.4914578194869,857.6524766645965,True,CONVERGENCE: RELATIVE REDUCTION OF F <= FACTR*EPSMCH,107,0,0.1735888215467636,37.72784568952092,3.3793173316753315,0.018541450522516757,18.541450522516758,0.0001,0.1,-416.74613082804365,416.74613082804365,841.4922616560873,857.653280501197,True,CONVERGENCE: RELATIVE REDUCTION OF F <= FACTR*EPSMCH,104,0,0.1735881394252388,-1.3765219364358927e-07,2.0000002753043873,6.040254986581772,2.7223254733810265e-08,old,old,old,-0.0004020559524064993,2.000804111904813,6.041058823182198,-6.54898270086024e-07,old,old,t0var,0.0004019183002128557,-0.0008038366004257114,-0.0008038366004257114,6.821215248198342e-07,new,new,t0var,old,old,t0var,420,51,26.86433744430542,19,2634853374,main
20,S01_old_lowC,old,gamma,30,32.0,3.4,0.015,15.0,0.0001,0.0,0.0,28.23865410455331,3.332285735034427,0.013368628161310276,13.368628161310276,-448.8938209194064,448.8938209194064,903.7876418388128,915.908405972645,True,CONVERGENCE: RELATIVE REDUCTION OF F <= FACTR*EPSMCH,33,0,0.11177140111333811,28.23864662640766,3.332285670880407,0.013368625523831447,13.368625523831447,0.0001,-448.89382101478327,448.89382101478327,905.7876420295665,921.9486608746762,True,CONVERGENCE: RELATIVE REDUCTION OF F <= FACTR*EPSMCH,107,0,0.11177141444543293,28.90565474729028,3.3269382031892194,0.014897140262001946,14.897140262001946,0.009832739839634438,9.832739839634439,-448.66096280262974,448.66096280262974,905.3219256052595,921.4829444503691,True,CONVERGENCE: RELATIVE REDUCTION OF F <= FACTR*EPSMCH,104,0,0.10845702656811682,-9.537689038552344e-08,2.0000001907537808,6.040254902031165,1.3332094817020135e-08,old,old,old,0.23285811677664014,1.5342837664467197,5.574538477724104,-0.0033143745452212936,old,old,t0var,-0.23285821215353053,0.46571642430706106,0.46571642430706106,0.0033143878773161106,t0var,t0var,t0var,old,old,t0var,420,53,28.503102779388428,20,4045012504,main
21,S01_old_lowC,old,gamma,30,32.0,3.4,0.015,15.0,0.0001,0.0,0.0,33.52612837415096,3.2425270110576476,0.015877942141129267,15.877942141129267,-416.378313113176,416.378313113176,838.756626226352,850.8773903601842,True,CONVERGENCE: RELATIVE REDUCTION OF F <= FACTR*EPSMCH,33,0,0.0951444210682339,33.5261297187883,3.242527067499255,0.015877931807798833,15.877931807798833,0.0001,-416.3783133709255,416.3783133709255,840.756626741851,856.9176455869607,True,CONVERGENCE: RELATIVE REDUCTION OF F <= FACTR*EPSMCH,107,0,0.09514445189141883,33.86396200696252,3.2411867467970974,0.01647934391548765,16.47934391548765,0.0045045444615550104,4.50454446155501,-416.2207528567888,416.2207528567888,840.4415057135776,856.6025245586873,True,CONVERGENCE: RELATIVE REDUCTION OF F <= FACTR*EPSMCH,104,0,0.09405014288358424,-2.577495479272329e-07,2.000000515499096,6.04025522677648,3.082318493496938e-08,old,old,old,0.1575602563871712,1.6848794872256576,5.725134198503042,-0.0010942781846496608,old,old,t0var,-0.15756051413671912,0.31512102827343824,0.31512102827343824,0.0010943090078345957,t0var,t0var,t0var,old,old,t0var,420,47,25.07278084754944,21,3032918238,main
22,S01_old_lowC,old,gamma,30,32.0,3.4,0.015,15.0,0.0001,0.0,0.0,33.35466646854013,3.521259669489989,0.015537908289165299,15.5379082891653,-456.88731043738807,456.88731043738807,919.7746208747761,931.8953850086084,True,CONVERGENCE: RELATIVE REDUCTION OF F <= FACTR*EPSMCH,33,0,0.08553878198450196,33.936476714067354,3.5135436033504908,0.015718461673036366,15.718461673036366,0.13523807314711414,-456.8168958858482,456.8168958858482,921.6337917716965,937.7948106168061,True,CONVERGENCE: RELATIVE REDUCTION OF F <= FACTR*EPSMCH,107,0,0.08236205230099117,33.35453113046168,3.5212604693564034,0.015537628700702794,15.537628700702793,0.0001,0.1,-456.8874657004484,456.8874657004484,921.7749314008968,937.9359502460064,True,CONVERGENCE: RELATIVE REDUCTION OF F <= FACTR*EPSMCH,104,0,0.08553830123032356,0.07041455153984089,1.8591708969203182,5.899425608197703,-0.0031767296835107928,old,old,new,-0.0001552630603214311,2.000310526120643,6.040565237398027,-4.807541783974356e-07,old,old,t0var,0.07056981460016232,-0.14113962920032463,-0.14113962920032463,-0.0031762489293323953,new,new,new,old,old,new,420,52,25.87108063697815,22,1066207224,main
23,S01_old_lowC,old,gamma,30,32.0,3.4,0.015,15.0,0.0001,0.0,0.0,30.548801284446863,3.38799631813065,0.016793650833826397,16.793650833826398,-447.02494640063975,447.02494640063975,900.0498928012795,912.1706569351118,True,CONVERGENCE: RELATIVE REDUCTION OF F <= FACTR*EPSMCH,33,0,0.1366401477096373,30.646404832222263,3.3866705776351664,0.01682078447063711,16.82078447063711,0.061226691293922345,-447.02242502092497,447.02242502092497,902.0448500418499,918.2058688869596,True,CONVERGENCE: RELATIVE REDUCTION OF F <= FACTR*EPSMCH,107,0,0.13656190175642138,30.548699123490614,3.3879967407804648,0.01679340211120525,16.79340211120525,0.0001,0.1,-447.02507515498695,447.02507515498695,902.0501503099739,918.2111691550836,True,CONVERGENCE: RELATIVE REDUCTION OF F <= FACTR*EPSMCH,104,0,0.1366399622223611,0.0025213797147785044,1.994957240570443,6.0352119518478275,-7.824595321592742e-05,old,old,new,-0.00012875434720172052,2.0002575086944034,6.040512219971788,-1.8548727620526506e-07,old,old,t0var,0.002650134061980225,-0.00530026812396045,-0.00530026812396045,-7.806046593972216e-05,new,new,new,old,old,new,420,50,25.577373266220093,23,3929519758,main
24,S01_old_lowC,old,gamma,30,32.0,3.4,0.015,15.0,0.0001,0.0,0.0,32.22936674937832,3.4716167689745645,0.016857123842554434,16.857123842554433,-442.8666554474755,442.8666554474755,891.733310894951,903.8540750287833,True,CONVERGENCE: RELATIVE REDUCTION OF F <= FACTR*EPSMCH,33,0,0.18172774982154186,32.22935531521509,3.4716170865961984,0.01685711692601415,16.85711692601415,0.0001,-442.86665553360496,442.86665553360496,893.7333110672099,909.8943299123196,True,CONVERGENCE: RELATIVE REDUCTION OF F <= FACTR*EPSMCH,107,0,0.181727750668676,32.82699320689762,3.4671960803470863,0.018065399324859167,18.065399324859168,0.0051079074528207384,5.107907452820738,-442.38406258307583,442.38406258307583,892.7681251661517,908.9291440112613,True,CONVERGENCE: RELATIVE REDUCTION OF F <= FACTR*EPSMCH,104,0,0.18167849753988688,-8.612943247499061e-08,2.000000172258865,6.0402548835362495,8.47134140613548e-10,old,old,old,0.48259286439969173,1.0348142712006165,5.075068982478001,-4.925228165497675e-05,old,old,t0var,-0.4825929505291242,0.9651859010582484,0.9651859010582484,4.925312878911736e-05,t0var,t0var,t0var,old,old,t0var,420,49,29.79993176460266,24,4075413513,main
25,S01_old_lowC,old,gamma,30,32.0,3.4,0.015,15.0,0.0001,0.0,0.0,33.63934864495683,3.37636653006513,0.016560537677261337,16.560537677261337,-437.7525115002423,437.7525115002423,881.5050230004846,893.6257871343169,True,CONVERGENCE: RELATIVE REDUCTION OF F <= FACTR*EPSMCH,33,0,0.1186667580552069,34.81778116336636,3.3643845091301365,0.01681267585989537,16.812675859895368,0.19444921655666839,-437.4492718150055,437.4492718150055,882.898543630011,899.0595624751206,True,CONVERGENCE: RELATIVE REDUCTION OF F <= FACTR*EPSMCH,107,0,0.12044388939545646,33.63920089205562,3.3763670645218657,0.0165602335338426,16.5602335338426,0.0001,0.1,-437.75282950394546,437.75282950394546,883.5056590078909,899.6666778530006,True,CONVERGENCE: RELATIVE REDUCTION OF F <= FACTR*EPSMCH,104,0,0.11866707036110871,0.3032396852368038,1.3935206295263924,5.433775340803777,0.001777131340249552,old,old,old,-0.00031800370317114357,2.0006360074063423,6.040890718683727,3.12305901806198e-07,old,old,old,0.3035576889399749,-0.6071153778799498,-0.6071153778799498,0.0017768190343477458,new,new,t0var,old,old,old,420,50,27.045830726623535,25,3145778132,main
26,S02_old_typical,old,gamma,30,42.0,3.6,0.018,18.0,0.0001,0.0,0.0,45.1376870264244,3.560232442168245,0.019220723028716344,19.220723028716343,-422.3598407522868,422.3598407522868,850.7196815045736,862.8404456384059,True,CONVERGENCE: RELATIVE REDUCTION OF F <= FACTR*EPSMCH,33,0,0.14505468432259647,45.225434549993544,3.559723051195206,0.01922449570545516,19.224495705455162,0.0466579918954259,-422.3586325008731,422.3586325008731,852.7172650017462,868.8782838468559,True,CONVERGENCE: RELATIVE REDUCTION OF F <= FACTR*EPSMCH,107,0,0.14484954228198568,45.13735526277564,3.560233381060738,0.01922031100150711,19.22031100150711,0.0001,0.1,-422.3603433348605,422.3603433348605,852.720686669721,868.8817055148306,True,CONVERGENCE: RELATIVE REDUCTION OF F <= FACTR*EPSMCH,104,0,0.14505416557740206,0.001208251413686412,1.9975834971726272,6.037838208450012,-0.000205142040610784,old,old,new,-0.0005025825736879597,2.001005165147376,6.0412598764247605,-5.187451944110855e-07,old,old,t0var,0.0017108339873743716,-0.0034216679747487433,-0.0034216679747487433,-0.00020462329541637292,new,new,new,old,old,new,420,50,26.532942533493042,1,2865763038,main
27,S02_old_typical,old,gamma,30,42.0,3.6,0.018,18.0,0.0001,0.0,0.0,42.29063356632009,3.5899332606042766,0.017969311971829105,17.969311971829104,-424.26866460845963,424.26866460845963,854.5373292169193,866.6580933507515,True,CONVERGENCE: RELATIVE REDUCTION OF F <= FACTR*EPSMCH,33,0,0.1375985350689658,42.29062522061341,3.589933255113559,0.017969308978108084,17.969308978108085,0.0001,-424.2686650591642,424.2686650591642,856.5373301183284,872.6983489634381,True,CONVERGENCE: RELATIVE REDUCTION OF F <= FACTR*EPSMCH,107,0,0.13759851957833583,42.290352864854626,3.5899342998445256,0.017968933597519495,17.968933597519495,0.0001,0.1,-424.26912642231935,424.26912642231935,856.5382528446387,872.6992716897483,True,CONVERGENCE: RELATIVE REDUCTION OF F <= FACTR*EPSMCH,104,0,0.13759771357524828,-4.507045900936646e-07,2.00000090140918,6.040255612686565,-1.5490629973191616e-08,old,old,new,-0.00046181385971522104,2.0009236277194304,6.041178338996815,-8.214937175232695e-07,old,old,t0var,0.0004613631551251274,-0.0009227263102502548,-0.0009227263102502548,8.060030875500779e-07,new,new,t0var,old,old,t0var,420,48,22.173861742019653,2,561033802,main
28,S02_old_typical,old,gamma,30,42.0,3.6,0.018,18.0,0.0001,0.0,0.0,40.25789997579988,3.6667893605826993,0.01832163228292032,18.32163228292032,-430.2443516391985,430.2443516391985,866.488703278397,878.6094674122293,True,CONVERGENCE: RELATIVE REDUCTION OF F <= FACTR*EPSMCH,33,0,0.17136857077560527,40.25788878427121,3.666788626518385,0.01832163501388305,18.32163501388305,0.0001,-430.24435186411847,430.24435186411847,868.4887037282369,884.6497225733466,True,CONVERGENCE: RELATIVE REDUCTION OF F <= FACTR*EPSMCH,107,0,0.17136858101790264,40.2576528167833,3.6667903441978926,0.018321273401991887,18.32127340199189,0.0001,0.1,-430.24478369221674,430.24478369221674,868.4895673844335,884.6505862295431,True,CONVERGENCE: RELATIVE REDUCTION OF F <= FACTR*EPSMCH,104,0,0.1713686572788811,-2.2491997242468642e-07,2.000000449839945,6.040255161117329,1.0242297371343412e-08,old,old,old,-0.0004320530182440052,2.000864106036488,6.041118817313873,8.650327582016004e-08,old,old,old,0.00043182809827158053,-0.0008636561965431611,-0.0008636561965431611,-7.626097844881663e-08,new,new,new,old,old,old,420,51,25.01438331604004,3,411878496,main
29,S02_old_typical,old,gamma,30,42.0,3.6,0.018,18.0,0.0001,0.0,0.0,39.84181736561229,3.6426341583896606,0.019159202908567336,19.159202908567337,-433.7002570000118,433.7002570000118,873.4005140000236,885.5212781338558,True,CONVERGENCE: RELATIVE REDUCTION OF F <= FACTR*EPSMCH,33,0,0.11211993034061676,41.30858414884535,3.6271992927224272,0.019227133023505667,19.227133023505665,0.20448599007872886,-433.26294941869764,433.26294941869764,874.5258988373953,890.6869176825049,True,CONVERGENCE: RELATIVE REDUCTION OF F <= FACTR*EPSMCH,107,0,0.11557915211366117,39.84158879884597,3.642635478410698,0.019158844294777926,19.158844294777925,0.0001,0.1,-433.70048541526364,433.70048541526364,875.4009708305273,891.5619896756369,True,CONVERGENCE: RELATIVE REDUCTION OF F <= FACTR*EPSMCH,104,0,0.11212048754400003,0.43730758131414404,1.125384837371712,5.1656395486490965,0.0034592217730444047,old,old,old,-0.00022841525185413047,2.0004568305037083,6.040711541781093,5.572033832668133e-07,old,old,old,0.4375359965659982,-0.8750719931319964,-0.8750719931319964,0.003458664569661138,new,new,t0var,old,old,old,420,50,30.73898935317993,4,1143809828,main
30,S02_old_typical,old,gamma,30,42.0,3.6,0.018,18.0,0.0001,0.0,0.0,43.14530625664253,3.5249593044366794,0.0174009952172009,17.400995217200897,-448.92076885724174,448.92076885724174,903.8415377144835,915.9623018483157,True,CONVERGENCE: RELATIVE REDUCTION OF F <= FACTR*EPSMCH,33,0,0.13506811438927732,45.35418061329546,3.5115422034304933,0.017671378250918045,17.671378250918046,0.22959548042985053,-448.3009907808361,448.3009907808361,904.6019815616722,920.7630004067819,True,CONVERGENCE: RELATIVE REDUCTION OF F <= FACTR*EPSMCH,107,0,0.14058604475615505,43.145040421812595,3.524960377150783,0.01740063543848645,17.40063543848645,0.0001,0.1,-448.920908809371,448.920908809371,905.841817618742,922.0028364638516,True,CONVERGENCE: RELATIVE REDUCTION OF F <= FACTR*EPSMCH,104,0,0.13506744054781278,0.6197780764056233,0.7604438471887534,4.800698558466138,0.005517930366877727,old,old,old,-0.00013995212924555744,2.000279904258491,6.040534615535876,-6.738414645435231e-07,old,old,t0var,0.6199180285348689,-1.2398360570697378,-1.2398360570697378,0.00551860420834227,new,new,t0var,old,old,t0var,420,50,32.79742908477783,5,1897686915,main
31,S02_old_typical,old,gamma,30,42.0,3.6,0.018,18.0,0.0001,0.0,0.0,43.66624495765878,3.6007026628756225,0.018656749709653322,18.656749709653322,-441.08996892810455,441.08996892810455,888.1799378562091,900.3007019900414,True,CONVERGENCE: RELATIVE REDUCTION OF F <= FACTR*EPSMCH,33,0,0.18203896207141798,45.79503707257957,3.588127732690648,0.01880966591378986,18.80966591378986,0.22860789578518378,-440.3880251154855,440.3880251154855,888.776050230971,904.9370690760807,True,CONVERGENCE: RELATIVE REDUCTION OF F <= FACTR*EPSMCH,107,0,0.17985025933062312,43.66594285540364,3.600703935017096,0.018656359441901076,18.656359441901074,0.0001,0.1,-441.0903199341226,441.0903199341226,890.1806398682452,906.3416587133548,True,CONVERGENCE: RELATIVE REDUCTION OF F <= FACTR*EPSMCH,104,0,0.18203808027667007,0.7019438126190494,0.5961123747619013,4.636367086039286,-0.0021887027407948567,old,old,new,-0.0003510060180360597,2.000702012036072,6.040956723313457,-8.817947479144994e-07,old,old,t0var,0.7022948186370854,-1.4045896372741709,-1.4045896372741709,-0.002187820946046942,new,new,new,old,old,new,420,50,28.300842761993408,6,310984977,main
32,S02_old_typical,old,gamma,30,42.0,3.6,0.018,18.0,0.0001,0.0,0.0,40.55638269751196,3.645945801995101,0.019003980445939133,19.00398044593913,-438.8126396606616,438.8126396606616,883.6252793213232,895.7460434551555,True,CONVERGENCE: RELATIVE REDUCTION OF F <= FACTR*EPSMCH,33,0,0.16626483892864719,41.42760740768096,3.6387360070152552,0.01906585404346639,19.06585404346639,0.15424008523660435,-438.6639986862407,438.6639986862407,885.3279973724814,901.489016217591,True,CONVERGENCE: RELATIVE REDUCTION OF F <= FACTR*EPSMCH,107,0,0.16201601626441886,40.556156034892766,3.6459467262771255,0.019003634797798454,19.003634797798455,0.0001,0.1,-438.8128592761827,438.8128592761827,885.6257185523654,901.786737397475,True,CONVERGENCE: RELATIVE REDUCTION OF F <= FACTR*EPSMCH,104,0,0.16626394872969236,0.14864097442091406,1.7027180511581719,5.742972762435556,-0.0042488226642283244,old,old,new,-0.00021961552107541138,2.000439231042151,6.040693942319535,-8.901989548282252e-07,old,old,t0var,0.14886058994198947,-0.29772117988397895,-0.29772117988397895,-0.004247932465273496,new,new,new,old,old,new,420,50,32.04517722129822,7,3807402261,main
33,S02_old_typical,old,gamma,30,42.0,3.6,0.018,18.0,0.0001,0.0,0.0,40.45452476646276,3.504436698581949,0.01618988209721135,16.18988209721135,-445.852004347774,445.852004347774,897.704008695548,909.8247728293803,True,CONVERGENCE: RELATIVE REDUCTION OF F <= FACTR*EPSMCH,33,0,0.11453764566046826,41.31503830176683,3.4985660933822467,0.016341023272688722,16.341023272688723,0.14863067498151336,-445.73185292698116,445.73185292698116,899.4637058539623,915.624724699072,True,CONVERGENCE: RELATIVE REDUCTION OF F <= FACTR*EPSMCH,107,0,0.11341375721436273,40.73167264363037,3.5027656632968642,0.01654153642291306,16.54153642291306,0.0035634267555497744,3.5634267555497745,-445.7847348426128,445.7847348426128,899.5694696852256,915.7304885303353,True,CONVERGENCE: RELATIVE REDUCTION OF F <= FACTR*EPSMCH,104,0,0.11301860494655873,0.12015142079286534,1.7596971584142693,5.799951869691654,-0.001123888446105531,old,old,new,0.06726950516122088,1.8654609896775582,5.905715700954943,-0.001519040713909528,old,old,t0var,0.05288191563164446,-0.10576383126328892,-0.10576383126328892,0.00039515226780399704,new,new,t0var,old,old,t0var,420,51,23.949379682540894,8,2035922533,main
34,S02_old_typical,old,gamma,30,42.0,3.6,0.018,18.0,0.0001,0.0,0.0,44.650842235617326,3.5726570077588926,0.019259502030564275,19.259502030564274,-430.85286723497364,430.85286723497364,867.7057344699473,879.8264986037796,True,CONVERGENCE: RELATIVE REDUCTION OF F <= FACTR*EPSMCH,33,0,0.11846977911766136,45.988949976390145,3.565382219035994,0.019306404107821015,19.306404107821017,0.1854250824768442,-430.5841246854876,430.5841246854876,869.1682493709752,885.3292682160849,True,CONVERGENCE: RELATIVE REDUCTION OF F <= FACTR*EPSMCH,107,0,0.11561767095032893,44.65050625571343,3.5726586253935095,0.019259112949307405,19.259112949307404,0.0001,0.1,-430.85327341182915,430.85327341182915,869.7065468236583,885.867565668768,True,CONVERGENCE: RELATIVE REDUCTION OF F <= FACTR*EPSMCH,104,0,0.11846973945159191,0.26874254948603493,1.4625149010279301,5.502769612305315,-0.0028521081673324317,old,old,new,-0.00040617685550614624,2.0008123537110123,6.041067064988397,-3.966606945682294e-08,old,old,t0var,0.2691487263415411,-0.5382974526830822,-0.5382974526830822,-0.002852068501262975,new,new,new,old,old,new,420,48,30.338528394699097,9,2995539971,main
35,S02_old_typical,old,gamma,30,42.0,3.6,0.018,18.0,0.0001,0.0,0.0,39.497974010245954,3.639997349920111,0.01780529809973722,17.805298099737218,-447.5286175786237,447.5286175786237,901.0572351572474,913.1779992910797,True,CONVERGENCE: RELATIVE REDUCTION OF F <= FACTR*EPSMCH,33,0,0.14335431718378405,39.84421903839266,3.6369000451908313,0.01784936121736492,17.84936121736492,0.09938104364041021,-447.5072385516275,447.5072385516275,903.014477103255,919.1754959483646,True,CONVERGENCE: RELATIVE REDUCTION OF F <= FACTR*EPSMCH,107,0,0.1430312747126587,40.344871777133484,3.6342586371962686,0.01905506294054227,19.05506294054227,0.004189345990130266,4.189345990130266,-446.9316943548105,446.9316943548105,901.863388709621,918.0244075547306,True,CONVERGENCE: RELATIVE REDUCTION OF F <= FACTR*EPSMCH,104,0,0.14557814211197911,0.021379026996214634,1.9572419460075707,5.997496657284955,-0.00032304247112535656,old,old,new,0.5969232238132349,0.8061535523735301,4.846408263650915,0.0022238249281950617,old,old,old,-0.5755441968170203,1.1510883936340406,1.1510883936340406,-0.0025468673993204183,t0var,t0var,new,old,old,new,420,50,38.92514228820801,10,913046978,main
36,S02_old_typical,old,gamma,30,42.0,3.6,0.018,18.0,0.0001,0.0,0.0,44.08737235549377,3.6467965587349505,0.017931274750562498,17.931274750562498,-443.58554666341064,443.58554666341064,893.1710933268213,905.2918574606535,True,CONVERGENCE: RELATIVE REDUCTION OF F <= FACTR*EPSMCH,33,0,0.17490241776063048,45.258925507323745,3.6397549908112024,0.018026785457390206,18.026785457390204,0.1755923384749171,-443.37816889697297,443.37816889697297,894.7563377939459,910.9173566390556,True,CONVERGENCE: RELATIVE REDUCTION OF F <= FACTR*EPSMCH,107,0,0.1782896181020969,44.08704297431667,3.6467978536631738,0.017930864521091796,17.930864521091795,0.0001,0.1,-443.5860781761747,443.5860781761747,895.1721563523494,911.333175197459,True,CONVERGENCE: RELATIVE REDUCTION OF F <= FACTR*EPSMCH,104,0,0.1749030792374566,0.20737776643767347,1.585244467124653,5.625499178402038,0.0033872003414664176,old,old,old,-0.0005315127640415085,2.001063025528083,6.041317736805468,6.614768261192783e-07,old,old,old,0.20790927920171498,-0.41581855840342996,-0.41581855840342996,0.0033865388646402983,new,new,t0var,old,old,old,420,51,27.966110706329346,11,1402190273,main
37,S02_old_typical,old,gamma,30,42.0,3.6,0.018,18.0,0.0001,0.0,0.0,39.85113258285193,3.5815354294400366,0.017182210432292868,17.18221043229287,-453.4914831339682,453.4914831339682,912.9829662679364,925.1037304017686,True,CONVERGENCE: NORM OF PROJECTED GRADIENT <= PGTOL,33,0,0.16044397621877995,42.00504215273308,3.5642573641104587,0.017506088971357036,17.506088971357038,0.23810904949086178,-452.80457269373903,452.80457269373903,913.6091453874781,929.7701642325877,True,CONVERGENCE: RELATIVE REDUCTION OF F <= FACTR*EPSMCH,107,0,0.16059133030392878,39.85092852524578,3.5815363133901497,0.017181874830367327,17.181874830367327,0.0001,0.1,-453.4916493559941,453.4916493559941,914.9832987119883,931.1443175570979,True,CONVERGENCE: RELATIVE REDUCTION OF F <= FACTR*EPSMCH,104,0,0.16044359511041753,0.6869104402291555,0.626179119541689,4.666433830819074,0.00014735408514882087,old,old,old,-0.00016622202593907787,2.000332444051878,6.040587155329263,-3.8110836242388757e-07,old,old,t0var,0.6870766622550946,-1.3741533245101891,-1.3741533245101891,0.00014773519351124476,new,new,t0var,old,old,t0var,420,53,27.656538724899292,12,498139153,main
38,S02_old_typical,old,gamma,30,42.0,3.6,0.018,18.0,0.0001,0.0,0.0,45.54661812532101,3.505497617001393,0.01701984055102859,17.01984055102859,-435.1411834194991,435.1411834194991,876.2823668389982,888.4031309728305,True,CONVERGENCE: RELATIVE REDUCTION OF F <= FACTR*EPSMCH,33,0,0.12277219795176954,45.54660883310903,3.505497032232936,0.017019837320378622,17.019837320378624,0.0001,-435.1411834232352,435.1411834232352,878.2823668464704,894.44338569158,True,CONVERGENCE: RELATIVE REDUCTION OF F <= FACTR*EPSMCH,107,0,0.12277222396453814,48.935168923043186,3.491376896879977,0.020692562911513543,20.692562911513544,0.009103691046340567,9.103691046340568,-433.72905275516916,433.72905275516916,875.4581055103383,891.619124355448,True,CONVERGENCE: RELATIVE REDUCTION OF F <= FACTR*EPSMCH,104,0,0.11247961168098872,-3.7360905480454676e-09,2.000000007472181,6.040254718749566,2.601276860580981e-08,old,old,old,1.4121306643299363,-0.8242613286598726,3.215993382617512,-0.01029258627078082,t0var,old,t0var,-1.4121306680660268,2.8242613361320537,2.8242613361320537,0.010292612283549427,t0var,t0var,t0var,t0var,old,t0var,420,49,33.99016976356506,13,3152197458,main
39,S02_old_typical,old,gamma,30,42.0,3.6,0.018,18.0,0.0001,0.0,0.0,43.176110998244035,3.5534314616489366,0.019104689675955196,19.104689675955196,-439.29308973775306,439.29308973775306,884.5861794755061,896.7069436093384,True,CONVERGENCE: RELATIVE REDUCTION OF F <= FACTR*EPSMCH,33,0,0.20383500580807085,46.82313192065967,3.529793840444639,0.0192725349903796,19.272534990379597,0.2969853311377833,-437.3278849796641,437.3278849796641,882.6557699593282,898.8167888044378,True,CONVERGENCE: RELATIVE REDUCTION OF F <= FACTR*EPSMCH,107,0,0.1988072915797696,43.1758234776357,3.5534326892032655,0.019104307608289448,19.104307608289446,0.0001,0.1,-439.29338728782665,439.29338728782665,886.5867745756533,902.747793420763,True,CONVERGENCE: RELATIVE REDUCTION OF F <= FACTR*EPSMCH,104,0,0.20383467056530807,1.965204758088987,-1.9304095161779742,2.1098451950994104,-0.0050277142283012555,new,old,new,-0.0002975500735828973,2.000595100147166,6.04084981142455,-3.3524276277230314e-07,old,old,t0var,1.96550230816257,-3.93100461632514,-3.93100461632514,-0.005027378985538483,new,new,new,new,old,new,420,51,31.20891308784485,14,3325497001,main
40,S02_old_typical,old,gamma,30,42.0,3.6,0.018,18.0,0.0001,0.0,0.0,43.23740390420278,3.464611305925013,0.017846834066488498,17.846834066488498,-422.81315739884315,422.81315739884315,851.6263147976863,863.7470789315186,True,CONVERGENCE: RELATIVE REDUCTION OF F <= FACTR*EPSMCH,33,0,0.14596014655978376,43.237405544388466,3.464611448932442,0.017846831778264502,17.8468317782645,0.0001,-422.81315759674715,422.81315759674715,853.6263151934943,869.787334038604,True,CONVERGENCE: RELATIVE REDUCTION OF F <= FACTR*EPSMCH,107,0,0.14596012864293934,43.237090734919725,3.464612241770192,0.017846433255746138,17.84643325574614,0.0001,0.1,-422.8136058718027,422.8136058718027,853.6272117436054,869.788230588715,True,CONVERGENCE: RELATIVE REDUCTION OF F <= FACTR*EPSMCH,104,0,0.14595975999021604,-1.979040007427102e-07,2.0000003958080015,6.040255107085386,-1.791684442475905e-08,old,old,new,-0.0004484729595333192,2.0008969459190666,6.041151657196451,-3.865695677174319e-07,old,old,t0var,0.0004482750555325765,-0.000896550111065153,-0.000896550111065153,3.6865272329267285e-07,new,new,t0var,old,old,t0var,420,48,23.604653120040894,15,945472433,main
41,S02_old_typical,old,gamma,30,42.0,3.6,0.018,18.0,0.0001,0.0,0.0,38.899298859632175,3.5811593990849317,0.0174110384628454,17.4110384628454,-444.6182506031988,444.6182506031988,895.2365012063976,907.3572653402299,True,CONVERGENCE: RELATIVE REDUCTION OF F <= FACTR*EPSMCH,33,0,0.09185153341186811,40.854429131306745,3.5626249623110566,0.017677012247280854,17.677012247280853,0.22715099969663655,-443.8862430020241,443.8862430020241,895.7724860040482,911.9335048491579,True,CONVERGENCE: RELATIVE REDUCTION OF F <= FACTR*EPSMCH,107,0,0.0962852297798785,38.89907791383426,3.581160486934856,0.017410696098946653,17.41069609894665,0.0001,0.1,-444.6186359328063,444.6186359328063,897.2372718656126,913.3982907107222,True,CONVERGENCE: RELATIVE REDUCTION OF F <= FACTR*EPSMCH,104,0,0.09185227789342339,0.7320076011747005,0.5359847976505989,4.5762395089279835,0.004433696368010387,old,old,old,-0.00038532960746806566,2.000770659214936,6.041025370492321,7.444815552787309e-07,old,old,old,0.7323929307821686,-1.4647858615643372,-1.4647858615643372,0.004432951886455108,new,new,t0var,old,old,old,420,49,22.345653533935547,16,3070822591,main
42,S02_old_typical,old,gamma,30,42.0,3.6,0.018,18.0,0.0001,0.0,0.0,41.400057822970965,3.670782329249992,0.01750917143568943,17.509171435689428,-421.439693214962,421.439693214962,848.879386429924,861.0001505637563,True,CONVERGENCE: RELATIVE REDUCTION OF F <= FACTR*EPSMCH,33,0,0.09930848787818182,41.40005275767468,3.6707824027449587,0.017509177622640534,17.509177622640532,0.0001,-421.4396937216599,421.4396937216599,850.8793874433198,867.0404062884295,True,CONVERGENCE: RELATIVE REDUCTION OF F <= FACTR*EPSMCH,107,0,0.09930841076037523,41.39976985300365,3.6707839959697552,0.017508780204078273,17.508780204078274,0.0001,0.1,-421.4403352299595,421.4403352299595,850.880670459919,867.0416893050286,True,CONVERGENCE: RELATIVE REDUCTION OF F <= FACTR*EPSMCH,104,0,0.09930936226457834,-5.066979156254092e-07,2.0000010133958313,6.040255724673216,-7.711780658503642e-08,old,old,new,-0.0006420149974815104,2.001284029994963,6.041538741272348,8.743863965238186e-07,old,old,old,0.000641508299565885,-0.00128301659913177,-0.00128301659913177,-9.51504203108855e-07,new,new,new,old,old,new,420,49,25.519909143447876,17,350446006,main
43,S02_old_typical,old,gamma,30,42.0,3.6,0.018,18.0,0.0001,0.0,0.0,45.15171849571464,3.537229999362483,0.019255434866753948,19.255434866753948,-430.88001336499065,430.88001336499065,867.7600267299813,879.8807908638136,True,CONVERGENCE: RELATIVE REDUCTION OF F <= FACTR*EPSMCH,33,0,0.12287789661546178,46.756670186857775,3.52904909158688,0.01931018863212145,19.310188632121452,0.2022130998965309,-430.49455025434355,430.49455025434355,868.9891005086871,885.1501193537968,True,CONVERGENCE: RELATIVE REDUCTION OF F <= FACTR*EPSMCH,107,0,0.12215703245801125,45.15139311816757,3.5372309384261187,0.01925503468276743,19.25503468276743,0.0001,0.1,-430.8803941814118,430.8803941814118,869.7607883628236,885.9218072079333,True,CONVERGENCE: RELATIVE REDUCTION OF F <= FACTR*EPSMCH,104,0,0.12287799888841605,0.3854631106470947,1.2290737787058106,5.269328489983195,-0.0007208641574505265,old,old,new,-0.0003808164211704934,2.000761632842341,6.0410163441197255,1.0227295427212013e-07,old,old,old,0.3858439270682652,-0.7716878541365304,-0.7716878541365304,-0.0007209664304047986,new,new,new,old,old,new,420,49,32.12069582939148,18,1681873724,main
44,S02_old_typical,old,gamma,30,42.0,3.6,0.018,18.0,0.0001,0.0,0.0,42.53866889615982,3.5728578352372384,0.017177269219073556,17.177269219073555,-434.75746534501906,434.75746534501906,875.5149306900381,887.6356948238704,True,CONVERGENCE: RELATIVE REDUCTION OF F <= FACTR*EPSMCH,33,0,0.12329833042083933,42.538672314884124,3.5728576584808764,0.0171772797243647,17.177279724364702,0.0001,-434.75746542834463,434.75746542834463,877.5149308566893,893.6759497017989,True,CONVERGENCE: RELATIVE REDUCTION OF F <= FACTR*EPSMCH,107,0,0.1232983421825742,42.93757946097836,3.570407288283522,0.01768296808427642,17.68296808427642,0.003422963549271211,3.4229635492712114,-434.44567951462125,434.44567951462125,876.8913590292425,893.0523778743521,True,CONVERGENCE: RELATIVE REDUCTION OF F <= FACTR*EPSMCH,104,0,0.12392960492921476,-8.332557399626239e-08,2.000000166651148,6.0402548779285326,1.1761734863835471e-08,old,old,old,0.3117858303978096,1.3764283392043808,5.416683050481765,0.0006312745083754262,old,old,old,-0.3117859137233836,0.6235718274467672,0.6235718274467672,-0.0006312627466405624,t0var,t0var,new,old,old,old,420,50,42.192054748535156,19,686746376,main
45,S02_old_typical,old,gamma,30,42.0,3.6,0.018,18.0,0.0001,0.0,0.0,42.35474637348773,3.6158867866481037,0.017143459391659684,17.143459391659682,-433.4318253288384,433.4318253288384,872.8636506576768,884.984414791509,True,CONVERGENCE: RELATIVE REDUCTION OF F <= FACTR*EPSMCH,33,0,0.07327534935585088,42.35476124632735,3.615886446311452,0.017143461017946976,17.143461017946976,0.0001,-433.43182564550784,433.43182564550784,874.8636512910157,891.0246701361253,True,CONVERGENCE: RELATIVE REDUCTION OF F <= FACTR*EPSMCH,107,0,0.07327534975555747,42.354461500114915,3.6158879627525864,0.01714307117545229,17.14307117545229,0.0001,0.1,-433.43237039060034,433.43237039060034,874.8647407812007,891.0257596263103,True,CONVERGENCE: RELATIVE REDUCTION OF F <= FACTR*EPSMCH,104,0,0.07327476188926772,-3.1666945687902626e-07,2.0000006333389138,6.040255344616298,3.9970658727295216e-10,old,old,old,-0.0005450617619544573,2.001090123523909,6.0413448348012935,-5.874665831573367e-07,old,old,t0var,0.0005447450924975783,-0.0010894901849951566,-0.0010894901849951566,5.878662897446096e-07,new,new,t0var,old,old,t0var,420,50,25.43867063522339,20,3195502165,main
46,S02_old_typical,old,gamma,30,42.0,3.6,0.018,18.0,0.0001,0.0,0.0,42.00766258280807,3.6789076877888256,0.01772455762949297,17.72455762949297,-433.43337313501365,433.43337313501365,872.8667462700273,884.9875104038596,True,CONVERGENCE: RELATIVE REDUCTION OF F <= FACTR*EPSMCH,33,0,0.17337753170614756,42.007662664158,3.6789077094964124,0.017724560234202172,17.724560234202173,0.0001,-433.43337347590267,433.43337347590267,874.8667469518053,891.027765796915,True,CONVERGENCE: RELATIVE REDUCTION OF F <= FACTR*EPSMCH,107,0,0.17337752700701867,42.00736638757453,3.6789091294218186,0.017724176947860076,17.724176947860077,0.0001,0.1,-433.4338904989744,433.4338904989744,874.8677809979488,891.0287998430584,True,CONVERGENCE: RELATIVE REDUCTION OF F <= FACTR*EPSMCH,104,0,0.17337744749615083,-3.4088901657014503e-07,2.000000681778033,6.040255393055418,-4.6991288915609886e-09,old,old,new,-0.0005173639607392033,2.0010347279214784,6.041289439198863,-8.420999672575924e-08,old,old,t0var,0.0005170230717226332,-0.0010340461434452664,-0.0010340461434452664,7.951086783419825e-08,new,new,t0var,old,old,t0var,420,47,24.19504427909851,21,1460719170,main
47,S02_old_typical,old,gamma,30,42.0,3.6,0.018,18.0,0.0001,0.0,0.0,49.15144101357074,3.5002761674756675,0.01864723277701169,18.64723277701169,-411.18187206620684,411.18187206620684,828.3637441324137,840.4845082662459,True,CONVERGENCE: RELATIVE REDUCTION OF F <= FACTR*EPSMCH,33,0,0.11195257891215761,49.1514264691924,3.5002762434720087,0.018647228757274398,18.647228757274398,0.0001,-411.1818722403461,411.1818722403461,830.3637444806922,846.5247633258018,True,CONVERGENCE: RELATIVE REDUCTION OF F <= FACTR*EPSMCH,107,0,0.11195256563559157,49.150973854107995,3.5002776778095845,0.018646775830019335,18.646775830019337,0.0001,0.1,-411.1826161055856,411.1826161055856,830.3652322111712,846.5262510562809,True,CONVERGENCE: RELATIVE REDUCTION OF F <= FACTR*EPSMCH,104,0,0.1119526980048593,-1.7413924524589675e-07,2.0000003482784905,6.040255059555875,-1.3276566040998361e-08,old,old,new,-0.00074403937878742,2.001488078757575,6.041742790034959,1.190927016864185e-07,old,old,old,0.0007438652395421741,-0.0014877304790843482,-0.0014877304790843482,-1.3236926772741686e-07,new,new,new,old,old,new,420,49,25.91951322555542,22,2033282004,main
48,S02_old_typical,old,gamma,30,42.0,3.6,0.018,18.0,0.0001,0.0,0.0,41.649934472543165,3.537648985779193,0.018836675975570052,18.836675975570053,-422.2308549075791,422.2308549075791,850.4617098151582,862.5824739489905,True,CONVERGENCE: RELATIVE REDUCTION OF F <= FACTR*EPSMCH,33,0,0.10293546550591598,41.64992847337204,3.537649145030838,0.01883668014406868,18.83668014406868,0.0001,-422.2308550255029,422.2308550255029,852.4617100510058,868.6227288961154,True,CONVERGENCE: RELATIVE REDUCTION OF F <= FACTR*EPSMCH,107,0,0.1029354532099835,41.64966526558726,3.5376499838414266,0.018836299896912538,18.83629989691254,0.0001,0.1,-422.23132545386824,422.23132545386824,852.4626509077365,868.6236697528461,True,CONVERGENCE: RELATIVE REDUCTION OF F <= FACTR*EPSMCH,104,0,0.10293520806511246,-1.1792377563324408e-07,2.0000002358475513,6.040254947124936,-1.2295932480532734e-08,old,old,new,-0.00047054628913656416,2.000941092578273,6.041195803855658,-2.574408035221909e-07,old,old,t0var,0.0004704283653609309,-0.0009408567307218618,-0.0009408567307218618,2.4514487104165816e-07,new,new,t0var,old,old,t0var,420,51,26.777100324630737,23,1997989380,main
49,S02_old_typical,old,gamma,30,42.0,3.6,0.018,18.0,0.0001,0.0,0.0,41.73025453683182,3.5997561726114564,0.018304576269923354,18.304576269923356,-430.8450045073349,430.8450045073349,867.6900090146698,879.8107731485021,True,CONVERGENCE: RELATIVE REDUCTION OF F <= FACTR*EPSMCH,33,0,0.14977252785754203,41.73025028915241,3.5997560390850887,0.018304572313618858,18.30457231361886,0.0001,-430.8450047611498,430.8450047611498,869.6900095222996,885.8510283674093,True,CONVERGENCE: RELATIVE REDUCTION OF F <= FACTR*EPSMCH,107,0,0.14977251934867628,41.72997008071526,3.599757500620216,0.01830419689470635,18.304196894706347,0.0001,0.1,-430.8455172170754,430.8455172170754,869.6910344341508,885.8520532792604,True,CONVERGENCE: RELATIVE REDUCTION OF F <= FACTR*EPSMCH,104,0,0.14977175401128529,-2.5381490331710665e-07,2.0000005076298066,6.040255218907191,-8.508865750878059e-09,old,old,new,-0.0005127097404624692,2.001025419480925,6.0412801307583095,-7.738462567408178e-07,old,old,t0var,0.0005124559255591521,-0.0010249118511183042,-0.0010249118511183042,7.653373909899397e-07,new,new,t0var,old,old,t0var,420,48,22.703463077545166,24,2042481486,main
50,S02_old_typical,old,gamma,30,42.0,3.6,0.018,18.0,0.0001,0.0,0.0,40.58481705695741,3.5319365310032507,0.01924170650379158,19.24170650379158,-420.0554525404427,420.0554525404427,846.1109050808853,858.2316692147176,True,CONVERGENCE: RELATIVE REDUCTION OF F <= FACTR*EPSMCH,33,0,0.13867554031739743,40.58485676613944,3.5319357441166135,0.0192417077573781,19.2417077573781,0.0001,-420.05545272422916,420.05545272422916,848.1109054484583,864.271924293568,True,CONVERGENCE: RELATIVE REDUCTION OF F <= FACTR*EPSMCH,107,0,0.13867561978902385,43.09743250384454,3.51963232900225,0.022758487179807798,22.758487179807798,0.005037579976567069,5.037579976567069,-419.60729802682806,419.60729802682806,847.2145960536561,863.3756148987658,True,CONVERGENCE: RELATIVE REDUCTION OF F <= FACTR*EPSMCH,104,0,0.1397608475660084,-1.8378648292127764e-07,2.000000367572966,6.04025507885035,7.947162641852579e-08,old,old,old,0.448154513614611,1.103690972770778,5.1439456840481625,0.0010853072486109727,old,old,old,-0.4481546974010939,0.8963093948021879,0.8963093948021879,-0.0010852277769845542,t0var,t0var,new,old,old,old,420,47,23.282574892044067,25,1144269602,main
51,S03_old_highC,old,gamma,30,52.0,3.8,0.02,20.0,0.0001,0.0,0.0,52.37245641250963,3.833541454888292,0.020000000001146514,20.000000001146514,-402.93424196051603,402.93424196051603,811.8684839210321,823.9892480548643,True,CONVERGENCE: RELATIVE REDUCTION OF F <= FACTR*EPSMCH,33,0,0.05586142606295451,52.70704919152139,3.832518941290445,0.02000000011988523,20.00000011988523,0.08611193866233334,-402.9151438789647,402.9151438789647,813.8302877579295,829.9913066030391,True,CONVERGENCE: RELATIVE REDUCTION OF F <= FACTR*EPSMCH,107,0,0.0554265587754632,52.52477664940642,3.8328382925856177,0.020158223668243734,20.158223668243735,0.0001,0.1,-402.9617264344799,402.9617264344799,813.9234528689598,830.0844717140694,True,CONVERGENCE: RELATIVE REDUCTION OF F <= FACTR*EPSMCH,104,0,0.056609809157573084,0.019098081551305768,1.9618038368973885,6.002058548174773,-0.00043486728749130704,old,old,new,-0.02748447396385245,2.054968947927705,6.0952236592050895,0.0007483830946185752,old,old,old,0.04658255551515822,-0.09316511103031644,-0.09316511103031644,-0.0011832503821098822,new,new,new,old,old,new,420,47,44.25754761695862,1,2396799522,main
52,S03_old_highC,old,gamma,30,52.0,3.8,0.02,20.0,0.0001,0.0,0.0,53.57716297696739,3.819509140246574,0.0209327965892871,20.932796589287097,-402.3611712551097,402.3611712551097,810.7223425102194,822.8431066440517,True,CONVERGENCE: RELATIVE REDUCTION OF F <= FACTR*EPSMCH,33,0,0.13912474831470617,59.91288443375526,3.7969521895892604,0.023688657413878402,23.688657413878403,0.25445118531607963,-401.454797119027,401.454797119027,810.909594238054,827.0706130831636,True,CONVERGENCE: RELATIVE REDUCTION OF F <= FACTR*EPSMCH,107,0,0.13045467219665166,53.577094716294184,3.8195088650779043,0.020932654161325545,20.932654161325544,0.0001,0.1,-402.36122382561575,402.36122382561575,812.7224476512315,828.8834664963412,True,CONVERGENCE: RELATIVE REDUCTION OF F <= FACTR*EPSMCH,104,0,0.13912487753026634,0.906374136082718,0.187251727834564,4.227506439111949,-0.00867007611805451,old,old,new,-5.2570506056781596e-05,2.0001051410121136,6.040359852289498,1.292155601684275e-07,old,old,old,0.9064267065887748,-1.8128534131775496,-1.8128534131775496,-0.008670205333614678,new,new,new,old,old,new,420,47,31.751147747039795,2,3503732972,main
53,S03_old_highC,old,gamma,30,52.0,3.8,0.02,20.0,0.0001,0.0,0.0,50.94171372105025,3.8178248218560777,0.02089181047812452,20.89181047812452,-393.66880329202615,393.66880329202615,793.3376065840523,805.4583707178846,True,CONVERGENCE: RELATIVE REDUCTION OF F <= FACTR*EPSMCH,33,0,0.1309031350495654,50.941721699801654,3.8178243584536973,0.020891806527739008,20.891806527739007,0.0001,-393.6688036495469,393.6688036495469,795.3376072990937,811.4986261442034,True,CONVERGENCE: RELATIVE REDUCTION OF F <= FACTR*EPSMCH,107,0,0.13090319155024177,50.94170461230848,3.817824258602711,0.020891724671222193,20.891724671222192,0.0001,0.1,-393.6688969216159,393.6688969216159,795.3377938432318,811.4988126883414,True,CONVERGENCE: RELATIVE REDUCTION OF F <= FACTR*EPSMCH,104,0,0.13090317546451066,-3.5752071880779113e-07,2.0000007150414376,6.040255426318822,5.650067635976086e-08,old,old,old,-9.362958974179492e-05,2.0001872591794836,6.040441970456868,4.041494525153233e-08,old,old,old,9.327206902298713e-05,-0.00018654413804597425,-0.00018654413804597425,1.608573110822853e-08,new,new,t0var,old,old,old,420,44,27.759942770004272,3,2141779427,main
54,S03_old_highC,old,gamma,30,52.0,3.8,0.02,20.0,0.0001,0.0,0.0,56.74359815673478,3.730248840902426,0.02464566332885579,24.645663328855793,-403.0031134131813,403.0031134131813,812.0062268263626,824.1269909601949,True,CONVERGENCE: RELATIVE REDUCTION OF F <= FACTR*EPSMCH,33,0,0.11700582935728804,58.80053582218923,3.7254487751593808,0.02534954350471742,25.34954350471742,0.1593909801273633,-402.870647872502,402.870647872502,813.741295745004,829.9023145901136,True,CONVERGENCE: RELATIVE REDUCTION OF F <= FACTR*EPSMCH,107,0,0.11515270183820357,56.782970470750364,3.730000078156825,0.02465933255468359,24.65933255468359,0.0015770740771498554,1.5770740771498555,-402.9965871286382,402.9965871286382,813.9931742572765,830.1541931023861,True,CONVERGENCE: RELATIVE REDUCTION OF F <= FACTR*EPSMCH,104,0,0.11701755108859618,0.13246554067933403,1.735068918641332,5.7753236299187165,-0.001853127519084466,old,old,new,0.006526284543099337,1.9869474309138013,6.027202142191186,1.1721731308145245e-05,old,old,old,0.1259392561362347,-0.2518785122724694,-0.2518785122724694,-0.0018648492503926112,new,new,new,old,old,new,420,46,38.62020468711853,4,830193079,main
55,S03_old_highC,old,gamma,30,52.0,3.8,0.02,20.0,0.0001,0.0,0.0,54.07181625264497,3.7338191537483545,0.020000000011597987,20.000000011597987,-406.29026137889645,406.29026137889645,818.5805227577929,830.7012868916252,True,CONVERGENCE: RELATIVE REDUCTION OF F <= FACTR*EPSMCH,33,0,0.11812549073897974,54.86907321782699,3.730884281420164,0.020000000001729586,20.000000001729585,0.12719268920758328,-406.2088317285288,406.2088317285288,820.4176634570576,836.5786823021673,True,CONVERGENCE: RELATIVE REDUCTION OF F <= FACTR*EPSMCH,107,0,0.11588035815323186,54.18360748384016,3.733477278881476,0.02011289719922387,20.11289719922387,0.0001,0.1,-406.3477207619656,406.3477207619656,820.6954415239312,836.8564603690409,True,CONVERGENCE: RELATIVE REDUCTION OF F <= FACTR*EPSMCH,104,0,0.1185809256438378,0.08142965036762462,1.8371406992647508,5.877395410542135,-0.0022451325857478777,old,old,new,-0.05745938306915832,2.1149187661383166,6.155173477415701,0.00045543490485806803,old,old,old,0.13888903343678294,-0.2777780668735659,-0.2777780668735659,-0.0027005674906059457,new,new,new,old,old,new,420,47,47.22146010398865,5,104832471,main
56,S03_old_highC,old,gamma,30,52.0,3.8,0.02,20.0,0.0001,0.0,0.0,55.412901054630666,3.8267445341886943,0.020404306867664118,20.40430686766412,-404.0536174187156,404.0536174187156,814.1072348374312,826.2279989712634,True,CONVERGENCE: RELATIVE REDUCTION OF F <= FACTR*EPSMCH,33,0,0.11460254559884404,61.49698851254755,3.812070028054792,0.02287928441906058,22.879284419060582,0.2584000672153671,-403.09156027930396,403.09156027930396,814.1831205586079,830.3441394037176,True,CONVERGENCE: RELATIVE REDUCTION OF F <= FACTR*EPSMCH,107,0,0.1154708881336094,55.413529297143405,3.826742273772002,0.02040482285133261,20.40482285133261,0.0001,0.1,-404.0536284404537,404.0536284404537,816.1072568809074,832.268275726017,True,CONVERGENCE: RELATIVE REDUCTION OF F <= FACTR*EPSMCH,104,0,0.11460281949114913,0.9620571394116268,0.0758857211767463,4.116140432454131,0.0008683425347653512,old,old,old,-1.1021738089311839e-05,2.0000220434761786,6.040276754753563,2.738923050860098e-07,old,old,old,0.9620681611497162,-1.9241363222994323,-1.9241363222994323,0.0008680686424602652,new,new,t0var,old,old,old,420,49,32.3059356212616,6,556065447,main
57,S03_old_highC,old,gamma,30,52.0,3.8,0.02,20.0,0.0001,0.0,0.0,51.09056069019451,3.732383962269401,0.019999999723310048,19.999999723310047,-428.501511777866,428.501511777866,863.003023555732,875.1237876895643,True,CONVERGENCE: RELATIVE REDUCTION OF F <= FACTR*EPSMCH,33,0,0.16921491678241243,54.66832591348315,3.7134621718886884,0.020000000043486534,20.000000043486533,0.2741700747111281,-427.2703644374924,427.2703644374924,862.5407288749848,878.7017477200944,True,CONVERGENCE: RELATIVE REDUCTION OF F <= FACTR*EPSMCH,107,0,0.15930244905092178,51.19111818628904,3.7319116899639604,0.02011289211890877,20.112892118908768,0.0001,0.1,-428.5767023127828,428.5767023127828,865.1534046255656,881.3144234706753,True,CONVERGENCE: RELATIVE REDUCTION OF F <= FACTR*EPSMCH,104,0,0.16992811675463063,1.2311473403736386,-0.4622946807472772,3.5779600305301074,-0.009912467731490654,new,old,new,-0.07519053491677141,2.150381069833543,6.190635781110927,0.0007131999722181925,old,old,old,1.30633787529041,-2.61267575058082,-2.61267575058082,-0.010625667703708847,new,new,new,new,old,new,420,48,44.214892625808716,7,349892316,main
58,S03_old_highC,old,gamma,30,52.0,3.8,0.02,20.0,0.0001,0.0,0.0,51.98247918654763,3.8398964189951963,0.020000000003551448,20.00000000355145,-409.4025526075469,409.4025526075469,824.8051052150938,836.9258693489261,True,CONVERGENCE: RELATIVE REDUCTION OF F <= FACTR*EPSMCH,33,0,0.10735512177958852,53.970630206090476,3.8344026845541817,0.020000004646133124,20.000004646133124,0.21055123737269701,-408.81417876256523,408.81417876256523,825.6283575251305,841.7893763702401,True,CONVERGENCE: RELATIVE REDUCTION OF F <= FACTR*EPSMCH,107,0,0.10122941190314735,52.08609069822353,3.8395015090496574,0.020112897199028142,20.112897199028144,0.0001,0.1,-409.453293141494,409.453293141494,826.906586282988,843.0676051280976,True,CONVERGENCE: RELATIVE REDUCTION OF F <= FACTR*EPSMCH,104,0,0.1079016714150273,0.5883738449816747,0.8232523100366507,4.863507021314035,-0.006125709876441163,old,old,new,-0.05074053394707789,2.101481067894156,6.14173577917154,0.0005465496354387783,old,old,old,0.6391143789287526,-1.2782287578575051,-1.2782287578575051,-0.006672259511879941,new,new,new,old,old,new,420,48,50.37067413330078,8,393697109,main
59,S03_old_highC,old,gamma,30,52.0,3.8,0.02,20.0,0.0001,0.0,0.0,54.30415151659038,3.7607782405093935,0.02291740396532939,22.917403965329388,-400.1841686073214,400.1841686073214,806.3683372146428,818.4891013484751,True,CONVERGENCE: RELATIVE REDUCTION OF F <= FACTR*EPSMCH,33,0,0.1626459652532473,55.345825214955305,3.757841246665592,0.023321448784138433,23.321448784138433,0.11628798815764878,-400.1389848291441,400.1389848291441,808.2779696582882,824.4389885033978,True,CONVERGENCE: RELATIVE REDUCTION OF F <= FACTR*EPSMCH,107,0,0.16359373046922973,54.35264960584474,3.760547392750057,0.02295346360586727,22.95346360586727,0.0009996793698743322,0.9996793698743321,-400.1789311143197,400.1789311143197,808.3578622286394,824.5188810737491,True,CONVERGENCE: RELATIVE REDUCTION OF F <= FACTR*EPSMCH,104,0,0.16264233600837388,0.04518377817731789,1.9096324436453642,5.949887154922749,0.0009477652159824435,old,old,old,0.005237493001686744,1.9895250139966265,6.029779725274011,-3.6292448734043248e-06,old,old,t0var,0.03994628517563115,-0.0798925703512623,-0.0798925703512623,0.0009513944608558478,new,new,t0var,old,old,t0var,420,44,38.209221839904785,9,526061820,main
60,S03_old_highC,old,gamma,30,52.0,3.8,0.02,20.0,0.0001,0.0,0.0,54.39954719072904,3.7227012136956175,0.02000000002909813,20.000000029098132,-414.76461681132474,414.76461681132474,835.5292336226495,847.6499977564818,True,CONVERGENCE: RELATIVE REDUCTION OF F <= FACTR*EPSMCH,33,0,0.10710615016502201,57.50241678171606,3.7127570590435086,0.020000000010854276,20.000000010854276,0.2482686222129514,-413.5257930818317,413.5257930818317,835.0515861636634,851.212605008773,True,CONVERGENCE: RELATIVE REDUCTION OF F <= FACTR*EPSMCH,107,0,0.09947993094928359,54.51063943403427,3.72232263222081,0.02011289732625304,20.11289732625304,0.0001,0.1,-414.8285743687478,414.8285743687478,837.6571487374956,853.8181675826053,True,CONVERGENCE: RELATIVE REDUCTION OF F <= FACTR*EPSMCH,104,0,0.10756203149825229,1.238823729493049,-0.4776474589860982,3.5626072522912864,-0.007626219215738417,new,old,new,-0.06395755742306619,2.1279151148461324,6.168169826123517,0.0004558813332302819,old,old,old,1.3027812869161153,-2.6055625738322306,-2.6055625738322306,-0.008082100548968699,new,new,new,new,old,new,420,48,44.56799793243408,10,2570830042,main
61,S03_old_highC,old,gamma,30,52.0,3.8,0.02,20.0,0.0001,0.0,0.0,51.89296825790658,3.7178187841007175,0.02161279008475925,21.61279008475925,-407.9753421281624,407.9753421281624,821.9506842563248,834.0714483901571,True,CONVERGENCE: RELATIVE REDUCTION OF F <= FACTR*EPSMCH,33,0,0.10137668067994246,58.07140956868717,3.6935145266516995,0.024261667116877165,24.261667116877163,0.2538476491364023,-406.89043129263354,406.89043129263354,821.7808625852671,837.9418814303767,True,CONVERGENCE: RELATIVE REDUCTION OF F <= FACTR*EPSMCH,107,0,0.09599707384106193,51.892869784141034,3.717818817405293,0.02161262447929967,21.61262447929967,0.0001,0.1,-407.975439085057,407.975439085057,823.950878170114,840.1118970152237,True,CONVERGENCE: RELATIVE REDUCTION OF F <= FACTR*EPSMCH,104,0,0.10137688759455514,1.0849108355288877,-0.16982167105777535,3.870433040219609,-0.00537960683888053,new,old,new,-9.695689459476853e-05,2.0001939137891895,6.040448625066574,2.0691461267985378e-07,old,old,old,1.0850077924234824,-2.170015584846965,-2.170015584846965,-0.0053798137534932094,new,new,new,new,old,new,420,47,30.760557651519775,11,3466446890,main
62,S03_old_highC,old,gamma,30,52.0,3.8,0.02,20.0,0.0001,0.0,0.0,50.53979020512843,3.9003140537225938,0.020000004736696112,20.000004736696113,-402.0128645357885,402.0128645357885,810.025729071577,822.1464932054092,True,CONVERGENCE: RELATIVE REDUCTION OF F <= FACTR*EPSMCH,33,0,0.0952164065406688,51.20326983776364,3.8988802554198987,0.020120756961273637,20.12075696127364,0.11855102849316472,-401.9607421605562,401.9607421605562,811.9214843211124,828.0825031662221,True,CONVERGENCE: RELATIVE REDUCTION OF F <= FACTR*EPSMCH,107,0,0.09589852903521917,50.72338075805768,3.8994600819602194,0.020203729107259306,20.203729107259306,0.0001,0.1,-402.0233125332608,402.0233125332608,812.0466250665216,828.2076439116313,True,CONVERGENCE: RELATIVE REDUCTION OF F <= FACTR*EPSMCH,104,0,0.09561854809670482,0.05212237523227259,1.8957552495354548,5.936009960812839,0.0006821224945503662,old,old,old,-0.010447997472340376,2.0208959949446808,6.061150706222065,0.00040214155603601753,old,old,old,0.06257037270461296,-0.12514074540922593,-0.12514074540922593,0.0002799809385143487,new,new,t0var,old,old,old,420,47,45.51487374305725,12,3671088524,main
63,S03_old_highC,old,gamma,30,52.0,3.8,0.02,20.0,0.0001,0.0,0.0,53.80191537810212,3.7370373996743718,0.022892247653857625,22.892247653857627,-401.72178263767614,401.72178263767614,809.4435652753523,821.5643294091846,True,CONVERGENCE: RELATIVE REDUCTION OF F <= FACTR*EPSMCH,33,0,0.12000064128481625,53.80196182661896,3.7370370718080355,0.022892279512330162,22.892279512330163,0.0001,-401.72178282249246,401.72178282249246,811.4435656449849,827.6045844900946,True,CONVERGENCE: RELATIVE REDUCTION OF F <= FACTR*EPSMCH,107,0,0.1200007373683535,53.801987019106946,3.737036666794187,0.022892221976278403,22.892221976278403,0.0001,0.1,-401.72182308113986,401.72182308113986,811.4436461622797,827.6046650073894,True,CONVERGENCE: RELATIVE REDUCTION OF F <= FACTR*EPSMCH,104,0,0.12000078036115995,-1.848163151407789e-07,2.0000003696326303,6.040255080910015,9.608353725154561e-08,old,old,old,-4.0443463717565464e-05,2.000080886927435,6.04033559820482,1.390763437053577e-07,old,old,old,4.0258647402424685e-05,-8.051729480484937e-05,-8.051729480484937e-05,-4.2992806453812094e-08,new,new,new,old,old,old,420,45,29.533573865890503,13,2806373941,main
64,S03_old_highC,old,gamma,30,52.0,3.8,0.02,20.0,0.0001,0.0,0.0,48.56727441020787,3.7881785234808416,0.02021698740826835,20.21698740826835,-419.8303105677543,419.8303105677543,845.6606211355086,857.7813852693408,True,CONVERGENCE: RELATIVE REDUCTION OF F <= FACTR*EPSMCH,33,0,0.1025893608427997,52.54650522962953,3.7743485170890847,0.02210841513857496,22.10841513857496,0.2352923978486294,-419.153779483776,419.153779483776,846.307558967552,862.4685778126617,True,CONVERGENCE: RELATIVE REDUCTION OF F <= FACTR*EPSMCH,107,0,0.10519968618320351,48.63481816668972,3.7878672681471683,0.02029543652911641,20.29543652911641,0.0001,0.1,-419.8306157220323,419.8306157220323,847.6612314440646,863.8222502891742,True,CONVERGENCE: RELATIVE REDUCTION OF F <= FACTR*EPSMCH,104,0,0.10254311752576224,0.6765310839782614,0.6469378320434771,4.687192543320862,0.002610325340403813,old,old,old,-0.00030515427800992256,2.00061030855602,6.040865019833404,-4.624331703745321e-05,old,old,t0var,0.6768362382562714,-1.3536724765125427,-1.3536724765125427,0.002656568657441266,new,new,t0var,old,old,t0var,420,48,37.00830817222595,14,2583943556,main
65,S03_old_highC,old,gamma,30,52.0,3.8,0.02,20.0,0.0001,0.0,0.0,52.4677987730722,3.79487158140916,0.019999999994788773,19.999999994788773,-421.68212023422836,421.68212023422836,849.3642404684567,861.485004602289,True,CONVERGENCE: RELATIVE REDUCTION OF F <= FACTR*EPSMCH,33,0,0.16216061316540023,55.582314645108994,3.784062219912013,0.02000000000284924,20.000000002849237,0.2559108728404597,-420.50642226484064,420.50642226484064,849.0128445296813,865.1738633747909,True,CONVERGENCE: RELATIVE REDUCTION OF F <= FACTR*EPSMCH,107,0,0.1579195144926516,52.57699851697632,3.794352931101848,0.020112897081005787,20.112897081005787,0.0001,0.1,-421.7396821768932,421.7396821768932,851.4793643537864,867.6403831988961,True,CONVERGENCE: RELATIVE REDUCTION OF F <= FACTR*EPSMCH,104,0,0.1623910870244383,1.175697969387727,-0.35139593877545394,3.6888587725019306,-0.004241098672748633,new,old,new,-0.057561942664847265,2.1151238853296945,6.155378596607079,0.00023047385903807172,old,old,old,1.2332599120525742,-2.4665198241051485,-2.4665198241051485,-0.004471572531786705,new,new,new,new,old,new,420,48,47.28496336936951,15,1424584135,main
66,S03_old_highC,old,gamma,30,52.0,3.8,0.02,20.0,0.0001,0.0,0.0,48.963816281914966,3.950255159656209,0.019999999751350146,19.999999751350146,-402.1814459367921,402.1814459367921,810.3628918735842,822.4836560074165,True,CONVERGENCE: RELATIVE REDUCTION OF F <= FACTR*EPSMCH,33,0,0.16314790373650914,48.964107709835964,3.950248503472342,0.020000000007609754,20.000000007609753,0.0001,-402.1814453043173,402.1814453043173,812.3628906086346,828.5239094537443,True,CONVERGENCE: RELATIVE REDUCTION OF F <= FACTR*EPSMCH,107,0,0.16314859164580467,49.06051865621307,3.9497319341023904,0.020112897291810938,20.11289729181094,0.0001,0.1,-402.2343311663011,402.2343311663011,812.4686623326022,828.6296811777119,True,CONVERGENCE: RELATIVE REDUCTION OF F <= FACTR*EPSMCH,104,0,0.16356690446878883,6.324747801045305e-07,1.9999987350504398,6.040253446327824,6.879092955269783e-07,old,old,old,-0.052885229509001874,2.1057704590180037,6.146025170295388,0.00041900073227968404,old,old,old,0.05288586198378198,-0.10577172396756396,-0.10577172396756396,-0.00041831282298415706,new,new,new,old,old,old,420,47,53.08509182929993,16,4002859530,main
67,S03_old_highC,old,gamma,30,52.0,3.8,0.02,20.0,0.0001,0.0,0.0,48.66201004750314,3.755510363693913,0.020000001191669708,20.000001191669707,-421.53041816676847,421.53041816676847,849.0608363335369,861.1816004673692,True,CONVERGENCE: RELATIVE REDUCTION OF F <= FACTR*EPSMCH,33,0,0.14161692363942996,55.83318097231977,3.724087950317866,0.02347677886982128,23.47677886982128,0.2864274526674177,-419.9555849930315,419.9555849930315,847.911169986063,864.0721888311726,True,CONVERGENCE: RELATIVE REDUCTION OF F <= FACTR*EPSMCH,107,0,0.1279626307917361,48.873131620096224,3.754571501447389,0.02024944025802178,20.24944025802178,0.0001,0.1,-421.5334169195521,421.5334169195521,851.0668338391042,867.2278526842139,True,CONVERGENCE: RELATIVE REDUCTION OF F <= FACTR*EPSMCH,104,0,0.14120081157262449,1.5748331737369767,-1.1496663474739535,2.890588363803431,-0.013654292847693872,new,old,new,-0.002998752783639702,2.0059975055672794,6.046252216844664,-0.0004161120668054741,old,old,t0var,1.5778319265206164,-3.155663853041233,-3.155663853041233,-0.013238180780888398,new,new,new,new,old,new,420,48,40.731411933898926,17,2751328124,main
68,S03_old_highC,old,gamma,30,52.0,3.8,0.02,20.0,0.0001,0.0,0.0,56.53305423859012,3.7922903277961506,0.020000000251302233,20.000000251302232,-389.28029664341295,389.28029664341295,784.5605932868259,796.6813574206582,True,CONVERGENCE: RELATIVE REDUCTION OF F <= FACTR*EPSMCH,33,0,0.1265808849268507,56.53129214495552,3.7923567021798403,0.02000000001303002,20.000000013030018,0.0001,-389.280296096563,389.280296096563,786.560592193126,802.7216110382357,True,CONVERGENCE: RELATIVE REDUCTION OF F <= FACTR*EPSMCH,107,0,0.12657593515950766,56.755908085029844,3.791502563646476,0.02020371841582993,20.20371841582993,0.0001,0.1,-389.3008748432583,389.3008748432583,786.6017496865167,802.7627685316263,True,CONVERGENCE: RELATIVE REDUCTION OF F <= FACTR*EPSMCH,104,0,0.1272093738510562,5.468499466587673e-07,1.9999989063001067,6.040253617577491,-4.949767343054301e-06,old,old,new,-0.020578199845374456,2.041156399690749,6.0814111109681335,0.0006284889242055003,old,old,old,0.020578746695321115,-0.04115749339064223,-0.04115749339064223,-0.0006334386915485546,new,new,new,old,old,new,420,44,39.41703724861145,18,3112912241,main
69,S03_old_highC,old,gamma,30,52.0,3.8,0.02,20.0,0.0001,0.0,0.0,49.47520053852091,3.8730762159414946,0.020000004061749555,20.000004061749554,-401.9898595776606,401.9898595776606,809.9797191553212,822.1004832891534,True,CONVERGENCE: RELATIVE REDUCTION OF F <= FACTR*EPSMCH,33,0,0.0734088236967859,49.60150374571754,3.872844454456294,0.02000003604907098,20.000036049070978,0.05605070671665863,-401.9863623062228,401.9863623062228,811.9727246124456,828.1337434575553,True,CONVERGENCE: RELATIVE REDUCTION OF F <= FACTR*EPSMCH,107,0,0.07334525397751894,49.65238377372127,3.8722418433810657,0.020203720117472502,20.203720117472503,0.0001,0.1,-402.0077245200006,402.0077245200006,812.0154490400012,828.1764678851108,True,CONVERGENCE: RELATIVE REDUCTION OF F <= FACTR*EPSMCH,104,0,0.0734780922096209,0.003497271437765903,1.9930054571244682,6.033260168401853,-6.356971926696486e-05,old,old,new,-0.01786494233999747,2.035729884679995,6.0759845959573795,6.926851283499402e-05,old,old,old,0.021362213777763372,-0.042724427555526745,-0.042724427555526745,-0.00013283823210195889,new,new,new,old,old,new,420,46,44.62342357635498,19,3152106376,main
70,S03_old_highC,old,gamma,30,52.0,3.8,0.02,20.0,0.0001,0.0,0.0,55.017318587950825,3.7242565066505664,0.02160786421931661,21.60786421931661,-390.6675452237143,390.6675452237143,787.3350904474286,799.4558545812608,True,CONVERGENCE: RELATIVE REDUCTION OF F <= FACTR*EPSMCH,33,0,0.09670721019845731,55.017372380314555,3.724256247975581,0.021607897297969796,21.607897297969796,0.0001,-390.66754546869157,390.66754546869157,789.3350909373831,805.4961097824928,True,CONVERGENCE: RELATIVE REDUCTION OF F <= FACTR*EPSMCH,107,0,0.0967071712647452,55.01730236208637,3.7242561358917756,0.02160776840354992,21.60776840354992,0.0001,0.1,-390.66767046434717,390.66767046434717,789.3353409286943,805.496359773804,True,CONVERGENCE: RELATIVE REDUCTION OF F <= FACTR*EPSMCH,104,0,0.09670713136377776,-2.4497728645656025e-07,2.000000489954573,6.0402552012319575,-3.8933712101507645e-08,old,old,new,-0.00012524063288310572,2.000250481265766,6.040505192543151,-7.883467954827861e-08,old,old,t0var,0.00012499565559664916,-0.0002499913111932983,-0.0002499913111932983,3.990096744677096e-08,new,new,t0var,old,old,t0var,420,47,29.030378341674805,20,3696039763,main
71,S03_old_highC,old,gamma,30,52.0,3.8,0.02,20.0,0.0001,0.0,0.0,55.96477315644548,3.818881677494004,0.022664188038063998,22.664188038063998,-397.63105982826943,397.63105982826943,801.2621196565389,813.3828837903711,True,CONVERGENCE: RELATIVE REDUCTION OF F <= FACTR*EPSMCH,33,0,0.11200906649165361,60.909659263505404,3.80373771851224,0.02461392585329155,24.61392585329155,0.22285549501320046,-396.9280728898783,396.9280728898783,801.8561457797566,818.0171646248663,True,CONVERGENCE: RELATIVE REDUCTION OF F <= FACTR*EPSMCH,107,0,0.100621794158198,55.99673817833402,3.818701032583141,0.02268693590451424,22.68693590451424,0.0009094560137920597,0.9094560137920598,-397.6282078299105,397.6282078299105,803.256415659821,819.4174345049306,True,CONVERGENCE: RELATIVE REDUCTION OF F <= FACTR*EPSMCH,104,0,0.1119521961529185,0.7029869383911205,0.594026123217759,4.634280834495144,-0.011387272333455614,old,old,new,0.002851998358949004,1.994296003282102,6.0345507145594866,-5.687033873510994e-05,old,old,t0var,0.7001349400321715,-1.400269880064343,-1.400269880064343,-0.011330401994720504,new,new,new,old,old,new,420,47,37.42390561103821,21,3017305172,main
72,S03_old_highC,old,gamma,30,52.0,3.8,0.02,20.0,0.0001,0.0,0.0,52.740501966192234,3.8346969064352705,0.0228032779598269,22.8032779598269,-399.55549961868024,399.55549961868024,805.1109992373605,817.2317633711928,True,CONVERGENCE: RELATIVE REDUCTION OF F <= FACTR*EPSMCH,33,0,0.09320670216432109,52.97266997911755,3.834305421792411,0.022902509943609057,22.902509943609058,0.05727410230385063,-399.5527181308625,399.5527181308625,807.105436261725,823.2664551068347,True,CONVERGENCE: RELATIVE REDUCTION OF F <= FACTR*EPSMCH,107,0,0.09322817326079623,52.740454957624706,3.8346965145824714,0.022803156879218415,22.803156879218413,0.0001,0.1,-399.555634088166,399.555634088166,807.111268176332,823.2722870214417,True,CONVERGENCE: RELATIVE REDUCTION OF F <= FACTR*EPSMCH,104,0,0.09320678461433511,0.002781487817742345,1.9944370243645153,6.0346917356419,2.1471096475142448e-05,old,old,old,-0.00013446948577211515,2.0002689389715442,6.040523650248929,8.245001402451546e-08,old,old,old,0.0029159573035144604,-0.005831914607028921,-0.005831914607028921,2.1388646461117933e-05,new,new,t0var,old,old,old,420,46,28.34466791152954,22,3991475463,main
73,S03_old_highC,old,gamma,30,52.0,3.8,0.02,20.0,0.0001,0.0,0.0,52.948917774039195,3.7954692230808087,0.02288840224251694,22.88840224251694,-403.0566502245372,403.0566502245372,812.1133004490744,824.2340645829066,True,CONVERGENCE: RELATIVE REDUCTION OF F <= FACTR*EPSMCH,33,0,0.15500894191379672,54.99398324271421,3.7878298353654474,0.02372443258967399,23.72443258967399,0.15847515999229822,-402.9159847046982,402.9159847046982,813.8319694093964,829.992988254506,True,CONVERGENCE: RELATIVE REDUCTION OF F <= FACTR*EPSMCH,107,0,0.1555252153943942,52.948974127053006,3.79546849199473,0.022888380988399334,22.888380988399334,0.0001,0.1,-403.056667830869,403.056667830869,814.113335661738,830.2743545068477,True,CONVERGENCE: RELATIVE REDUCTION OF F <= FACTR*EPSMCH,104,0,0.1550088466873102,0.1406655198389899,1.7186689603220202,5.758923671599405,0.00051627348059749,old,old,old,-1.7606331823571963e-05,2.000035212663647,6.040289923941032,-9.522648652948718e-08,old,old,t0var,0.14068312617081347,-0.28136625234162693,-0.28136625234162693,0.0005163687070840195,new,new,t0var,old,old,t0var,420,46,31.577939748764038,23,2325576896,main
74,S03_old_highC,old,gamma,30,52.0,3.8,0.02,20.0,0.0001,0.0,0.0,49.156578148406965,3.848376605199589,0.02066511591155857,20.66511591155857,-408.5568599374864,408.5568599374864,823.1137198749728,835.2344840088051,True,CONVERGENCE: RELATIVE REDUCTION OF F <= FACTR*EPSMCH,33,0,0.19367072271697916,53.13078058501573,3.8325308141498318,0.022640710102025924,22.640710102025924,0.22000661941216015,-407.9523781676037,407.9523781676037,823.9047563352074,840.065775180317,True,CONVERGENCE: RELATIVE REDUCTION OF F <= FACTR*EPSMCH,107,0,0.18805279913348727,49.15637083088566,3.8483774796771213,0.020664810663913395,20.664810663913396,0.0001,0.1,-408.55707455502466,408.55707455502466,825.1141491100493,841.275167955159,True,CONVERGENCE: RELATIVE REDUCTION OF F <= FACTR*EPSMCH,104,0,0.1936709318698408,0.6044817698827387,0.7910364602345226,4.831291171511907,-0.005617923583491891,old,old,new,-0.00021461753823359686,2.000429235076467,6.040683946353852,2.0915286164102653e-07,old,old,old,0.6046963874209723,-1.2093927748419446,-1.2093927748419446,-0.005618132736353532,new,new,new,old,old,new,420,48,31.03927183151245,24,2345851045,main
75,S03_old_highC,old,gamma,30,52.0,3.8,0.02,20.0,0.0001,0.0,0.0,53.95264505997378,3.7790949796038227,0.019999999873410428,19.999999873410427,-399.4442957527588,399.4442957527588,804.8885915055176,817.0093556393499,True,CONVERGENCE: RELATIVE REDUCTION OF F <= FACTR*EPSMCH,33,0,0.08990951847659671,53.954148236584,3.7790802685984537,0.019999999909196927,19.999999909196926,0.0001,-399.4442955379219,399.4442955379219,806.8885910758438,823.0496099209535,True,CONVERGENCE: RELATIVE REDUCTION OF F <= FACTR*EPSMCH,107,0,0.08991224222542873,54.11428369505556,3.7784583063339685,0.02015822380934794,20.158223809347938,0.0001,0.1,-399.482403109169,399.482403109169,806.964806218338,823.1258250634477,True,CONVERGENCE: RELATIVE REDUCTION OF F <= FACTR*EPSMCH,104,0,0.09068411036828355,2.148369162568997e-07,1.9999995703261675,6.040254281603552,2.723748832020312e-06,old,old,old,-0.038107356410193916,2.076214712820388,6.116469424097772,0.0007745918916868405,old,old,old,0.03810757124711017,-0.07621514249422034,-0.07621514249422034,-0.0007718681428548202,new,new,new,old,old,old,420,48,44.25554299354553,25,1078349150,main
76,S04_new_mildVar,new,gamma,30,42.0,3.6,0.018,18.0,0.15,0.0,0.0,43.03664721231002,3.5198633856651806,0.019608171453860103,19.608171453860102,-431.71329830337913,431.71329830337913,869.4265966067583,881.5473607405905,True,CONVERGENCE: RELATIVE REDUCTION OF F <= FACTR*EPSMCH,33,0,0.14762255593351764,44.71185106231657,3.5109428909639133,0.019641351769663588,19.641351769663586,0.21442919538383243,-431.2365959069406,431.2365959069406,870.4731918138812,886.6342106589908,True,CONVERGENCE: RELATIVE REDUCTION OF F <= FACTR*EPSMCH,107,0,0.14378885641125827,43.036310223527096,3.519864877939018,0.019607778641256426,19.607778641256427,0.0001,0.1,-431.71375519117527,431.71375519117527,871.4275103823505,887.5885292274602,True,CONVERGENCE: RELATIVE REDUCTION OF F <= FACTR*EPSMCH,104,0,0.1476230694203557,0.4767023964385544,1.0465952071228912,5.086849918400276,-0.0038336995222593706,old,old,new,-0.00045688779613328734,2.0009137755922666,6.041168486869651,5.134868380496371e-07,old,old,old,0.4771592842346877,-0.9543185684693754,-0.9543185684693754,-0.0038342130090974202,new,new,new,old,old,new,420,49,30.178454637527466,1,4027274691,main
77,S04_new_mildVar,new,gamma,30,42.0,3.6,0.018,18.0,0.15,0.0,0.0,39.22815490475009,3.594781909128419,0.018231309423293054,18.231309423293055,-443.5801432218823,443.5801432218823,893.1602864437646,905.2810505775968,True,CONVERGENCE: RELATIVE REDUCTION OF F <= FACTR*EPSMCH,33,0,0.143233682954969,39.90154510096376,3.5889019310723866,0.01830116298978849,18.30116298978849,0.1394966916479046,-443.4967173710628,443.4967173710628,894.9934347421256,911.1544535872353,True,CONVERGENCE: RELATIVE REDUCTION OF F <= FACTR*EPSMCH,107,0,0.14228832413189413,39.227916317543226,3.5947832393085064,0.018230954725571367,18.23095472557137,0.0001,0.1,-443.58051595837117,443.58051595837117,895.1610319167423,911.322050761852,True,CONVERGENCE: RELATIVE REDUCTION OF F <= FACTR*EPSMCH,104,0,0.14323335447846097,0.08342585081948073,1.8331482983610385,5.873403009638423,-0.0009453588230748655,old,old,new,-0.0003727364888845841,2.000745472977769,6.041000184255154,-3.284765080213692e-07,old,old,t0var,0.08379858730836531,-0.16759717461673063,-0.16759717461673063,-0.0009450303465668441,new,new,new,old,old,new,420,51,23.616348266601562,2,2374937433,main
78,S04_new_mildVar,new,gamma,30,42.0,3.6,0.018,18.0,0.15,0.0,0.0,41.27575624826608,3.70944586787313,0.018343352040931526,18.343352040931524,-445.3660032052641,445.3660032052641,896.7320064105282,908.8527705443605,True,CONVERGENCE: RELATIVE REDUCTION OF F <= FACTR*EPSMCH,33,0,0.09496396455220435,42.03799915083448,3.704039478365713,0.018412404950296644,18.412404950296644,0.14655728059149287,-445.2562443740477,445.2562443740477,898.5124887480954,914.673507593205,True,CONVERGENCE: RELATIVE REDUCTION OF F <= FACTR*EPSMCH,107,0,0.09375439694392854,41.275495111953134,3.7094470245411055,0.018342974461872125,18.342974461872124,0.0001,0.1,-445.3664398731663,445.3664398731663,898.7328797463326,914.8938985914423,True,CONVERGENCE: RELATIVE REDUCTION OF F <= FACTR*EPSMCH,104,0,0.09496363460782072,0.10975883121642482,1.7804823375671504,5.820737048844535,-0.0012095676082758133,old,old,new,-0.00043666790219276663,2.0008733358043855,6.04112804708177,-3.299443836340954e-07,old,old,t0var,0.11019549911861759,-0.22039099823723518,-0.22039099823723518,-0.0012092376638921792,new,new,new,old,old,new,420,48,23.995054721832275,3,2125957013,main
79,S04_new_mildVar,new,gamma,30,42.0,3.6,0.018,18.0,0.15,0.0,0.0,40.78438485433891,3.613684608734431,0.018733231315078158,18.733231315078157,-434.63744583914973,434.63744583914973,875.2748916782995,887.3956558121317,True,CONVERGENCE: RELATIVE REDUCTION OF F <= FACTR*EPSMCH,33,0,0.0813494469523935,40.823112006816466,3.6134212984501795,0.018736236429535976,18.736236429535975,0.03331704877991263,-434.63711127475347,434.63711127475347,877.2742225495069,893.4352413946166,True,CONVERGENCE: RELATIVE REDUCTION OF F <= FACTR*EPSMCH,107,0,0.08116657981610201,40.78412849931651,3.6136860914655617,0.018732867516903416,18.732867516903415,0.0001,0.1,-434.6378110068313,434.6378110068313,877.2756220136627,893.4366408587723,True,CONVERGENCE: RELATIVE REDUCTION OF F <= FACTR*EPSMCH,104,0,0.08134925344906486,0.00033456439626888823,1.9993308712074622,6.039585582484847,-0.0001828671362914952,old,old,new,-0.0003651676815934479,2.000730335363187,6.0409850466405715,-1.9350332863821151e-07,old,old,t0var,0.0006997320778623362,-0.0013994641557246723,-0.0013994641557246723,-0.000182673632962857,new,new,new,old,old,new,420,51,27.72861957550049,4,1358653540,main
80,S04_new_mildVar,new,gamma,30,42.0,3.6,0.018,18.0,0.15,0.0,0.0,43.40069186393382,3.643005633268077,0.01962200281116915,19.62200281116915,-438.73889696758215,438.73889696758215,883.4777939351643,895.5985580689966,True,CONVERGENCE: RELATIVE REDUCTION OF F <= FACTR*EPSMCH,33,0,0.12699118630137904,45.65179322339557,3.630310026114161,0.019660078478722955,19.660078478722955,0.2520302606901105,-437.87939484109825,437.87939484109825,883.7587896821965,899.9198085273061,True,CONVERGENCE: RELATIVE REDUCTION OF F <= FACTR*EPSMCH,107,0,0.13090410632789626,44.5732815124114,3.636925524224268,0.02116521101649189,21.16521101649189,0.002234430225198974,2.234430225198974,-438.69001536358854,438.69001536358854,885.3800307271771,901.5410495722867,True,CONVERGENCE: RELATIVE REDUCTION OF F <= FACTR*EPSMCH,104,0,0.12783668948311006,0.8595021264839033,0.2809957470321933,4.321250458309578,0.003912920026517219,old,old,old,0.04888160399360686,1.9022367920127863,5.942491503290171,0.0008455031817310166,old,old,old,0.8106205224902965,-1.621241044980593,-1.621241044980593,0.0030674168447862027,new,new,t0var,old,old,old,420,50,32.319446325302124,5,1175846864,main
81,S04_new_mildVar,new,gamma,30,42.0,3.6,0.018,18.0,0.15,0.0,0.0,39.22732578275589,3.5976324291711057,0.01707902640819811,17.07902640819811,-442.19969836141695,442.19969836141695,890.3993967228339,902.5201608566662,True,CONVERGENCE: RELATIVE REDUCTION OF F <= FACTR*EPSMCH,33,0,0.15050260525511439,39.70717111338735,3.5936466758136745,0.01714611367350459,17.14611367350459,0.11668383989337398,-442.14637084245214,442.14637084245214,892.2927416849043,908.4537605300139,True,CONVERGENCE: RELATIVE REDUCTION OF F <= FACTR*EPSMCH,107,0,0.15181470940439998,39.227081555786064,3.5976333566533136,0.017078662261109902,17.0786622611099,0.0001,0.1,-442.2002057505562,442.2002057505562,892.4004115011124,908.5614303462221,True,CONVERGENCE: RELATIVE REDUCTION OF F <= FACTR*EPSMCH,104,0,0.1505042408851,0.053327518964806586,1.8933449620703868,5.933599673347771,0.0013121041492855923,old,old,old,-0.0005073891392726182,2.0010147782785452,6.04126948955593,1.6356299856190581e-06,old,old,old,0.053834908104079204,-0.10766981620815841,-0.10766981620815841,0.0013104685192999732,new,new,t0var,old,old,old,420,49,19.86866807937622,6,2719779336,main
82,S04_new_mildVar,new,gamma,30,42.0,3.6,0.018,18.0,0.15,0.0,0.0,39.99947690631005,3.6924798010281745,0.018692105064351854,18.692105064351853,-461.0135224804601,461.0135224804601,928.0270449609202,940.1478090947525,True,CONVERGENCE: RELATIVE REDUCTION OF F <= FACTR*EPSMCH,33,0,0.10242451666088158,44.84515672986413,3.648637801591834,0.018968557284684093,18.968557284684092,0.37325521465316136,-457.40422884820737,457.40422884820737,922.8084576964147,938.9694765415244,True,CONVERGENCE: RELATIVE REDUCTION OF F <= FACTR*EPSMCH,107,0,0.11745659089554951,43.2981240361294,3.668404219280238,0.023324548528273287,23.324548528273287,0.012162277612274033,12.162277612274032,-460.2264124604789,460.2264124604789,928.4528249209578,944.6138437660675,True,CONVERGENCE: RELATIVE REDUCTION OF F <= FACTR*EPSMCH,104,0,0.11701494499857135,3.6092936322527294,-5.218587264505459,-1.1783325532280742,0.01503207423466793,new,new,old,0.7871100199811849,0.4257799600376302,4.466034671315015,0.014590428337689768,old,old,old,2.8221836122715445,-5.644367224543089,-5.644367224543089,0.0004416458969781628,new,new,t0var,new,new,old,420,53,31.515360116958618,7,1940374772,main
83,S04_new_mildVar,new,gamma,30,42.0,3.6,0.018,18.0,0.15,0.0,0.0,42.69437334345886,3.68391498998717,0.019064381236677704,19.064381236677704,-440.8369403266594,440.8369403266594,887.6738806533187,899.794644787151,True,CONVERGENCE: RELATIVE REDUCTION OF F <= FACTR*EPSMCH,33,0,0.2002360574941791,42.74153313786865,3.6835553117321593,0.019067373933200148,19.067373933200148,0.03527322618694213,-440.8365909063665,440.8365909063665,889.673181812733,905.8342006578426,True,CONVERGENCE: RELATIVE REDUCTION OF F <= FACTR*EPSMCH,107,0,0.2001137870148446,42.69409083873125,3.68391655844857,0.019064008408276822,19.064008408276823,0.0001,0.1,-440.8371494668562,440.8371494668562,889.6742989337124,905.8353177788221,True,CONVERGENCE: RELATIVE REDUCTION OF F <= FACTR*EPSMCH,104,0,0.2002344721371872,0.00034942029287776677,1.9993011594142445,6.039555870691629,-0.00012227047933449642,old,old,new,-0.0002091401968300488,2.00041828039366,6.040672991671045,-1.5853569919066501e-06,old,old,t0var,0.0005585604897078156,-0.0011171209794156312,-0.0011171209794156312,-0.00012068512234258977,new,new,new,old,old,new,420,50,32.08660840988159,8,2439679748,main
84,S04_new_mildVar,new,gamma,30,42.0,3.6,0.018,18.0,0.15,0.0,0.0,41.59655311028318,3.622302879528199,0.018245046344158092,18.24504634415809,-441.8957379661292,441.8957379661292,889.7914759322584,901.9122400660907,True,CONVERGENCE: RELATIVE REDUCTION OF F <= FACTR*EPSMCH,33,0,0.11269764729954479,42.49771917572101,3.614928608203262,0.01833416327193702,18.33416327193702,0.1536113588906551,-441.76166495554696,441.76166495554696,891.5233299110939,907.6843487562036,True,CONVERGENCE: RELATIVE REDUCTION OF F <= FACTR*EPSMCH,107,0,0.11287690542314638,42.29980895499827,3.6180680844758593,0.019227843363031936,19.227843363031937,0.003423330583104127,3.423330583104127,-441.20783368522416,441.20783368522416,890.4156673704483,906.576686215558,True,CONVERGENCE: RELATIVE REDUCTION OF F <= FACTR*EPSMCH,104,0,0.11539969104150506,0.13407301058225585,1.7318539788354883,5.772108690112873,0.00017925812360158888,old,old,old,0.6879042809050588,0.6241914381898823,4.664446149467267,0.002702043741960272,old,old,old,-0.553831270322803,1.107662540645606,1.107662540645606,-0.0025227856183586833,t0var,t0var,new,old,old,old,420,51,47.35299372673035,9,2856320425,main
85,S04_new_mildVar,new,gamma,30,42.0,3.6,0.018,18.0,0.15,0.0,0.0,41.17514075811884,3.57602000286653,0.018643962136218894,18.643962136218892,-442.2303992041227,442.2303992041227,890.4607984082454,902.5815625420777,True,CONVERGENCE: RELATIVE REDUCTION OF F <= FACTR*EPSMCH,33,0,0.14734614624508532,41.93937027999081,3.572152053579639,0.018705176792297218,18.705176792297216,0.14878491082190842,-442.11592034998625,442.11592034998625,892.2318406999725,908.3928595450822,True,CONVERGENCE: RELATIVE REDUCTION OF F <= FACTR*EPSMCH,107,0,0.1475793577799872,41.17487760592032,3.576021207877388,0.01864359984671226,18.64359984671226,0.0001,0.1,-442.2308438568592,442.2308438568592,892.4616877137184,908.6227065588281,True,CONVERGENCE: RELATIVE REDUCTION OF F <= FACTR*EPSMCH,104,0,0.14734520680426905,0.11447885413645054,1.771042291727099,5.8112970030044835,0.00023321153490188373,old,old,old,-0.00044465273651894677,2.000889305473038,6.0411440167504225,-9.394408162777257e-07,old,old,t0var,0.11492350687296948,-0.22984701374593897,-0.22984701374593897,0.00023415097571816146,new,new,t0var,old,old,t0var,420,49,22.228666067123413,10,3861219000,main
86,S04_new_mildVar,new,gamma,30,42.0,3.6,0.018,18.0,0.15,0.0,0.0,44.39325146430439,3.5271849585502197,0.01955493942083662,19.554939420836618,-426.55445272798977,426.55445272798977,859.1089054559795,871.2296695898118,True,CONVERGENCE: RELATIVE REDUCTION OF F <= FACTR*EPSMCH,33,0,0.1325743849458546,46.50231759211427,3.5152779094847206,0.019608834920976207,19.608834920976207,0.22692182486188206,-425.8913509758725,425.8913509758725,859.782701951745,875.9437207968547,True,CONVERGENCE: RELATIVE REDUCTION OF F <= FACTR*EPSMCH,107,0,0.12541923723794138,44.3929321440709,3.527186156057342,0.019554535137184144,19.554535137184143,0.0001,0.1,-426.5549159473277,426.5549159473277,861.1098318946554,877.270850739765,True,CONVERGENCE: RELATIVE REDUCTION OF F <= FACTR*EPSMCH,104,0,0.1325732295698171,0.6631017521172566,0.6737964957654867,4.714051207042871,-0.007155147707913229,old,old,new,-0.0004632193379165983,2.000926438675833,6.041181149953218,-1.1553760375093702e-06,old,old,t0var,0.6635649714551732,-1.3271299429103465,-1.3271299429103465,-0.007153992331875719,new,new,new,old,old,new,420,47,26.430678844451904,11,1421165723,main
87,S04_new_mildVar,new,gamma,30,42.0,3.6,0.018,18.0,0.15,0.0,0.0,42.01464178130933,3.624014524559093,0.01806478740179374,18.06478740179374,-444.1028038529793,444.1028038529793,894.2056077059586,906.3263718397909,True,CONVERGENCE: RELATIVE REDUCTION OF F <= FACTR*EPSMCH,33,0,0.14663112310840049,43.851253656825065,3.612119815753588,0.018240962515003428,18.240962515003428,0.2148125151991004,-443.422528859826,443.422528859826,894.845057719652,911.0060765647617,True,CONVERGENCE: RELATIVE REDUCTION OF F <= FACTR*EPSMCH,107,0,0.14255812813020605,42.01437226445827,3.624015704951077,0.018064412286236706,18.064412286236706,0.0001,0.1,-444.1031889162965,444.1031889162965,896.206377832593,912.3673966777027,True,CONVERGENCE: RELATIVE REDUCTION OF F <= FACTR*EPSMCH,104,0,0.14663244770870676,0.6802749931533185,0.639450013693363,4.6797047249707475,-0.0040729949781944386,old,old,new,-0.0003850633171964546,2.000770126634393,6.0410248379117775,1.3246003062739042e-06,old,old,old,0.680660056470515,-1.36132011294103,-1.36132011294103,-0.0040743195785007125,new,new,new,old,old,new,420,50,28.75295615196228,12,2927228676,main
88,S04_new_mildVar,new,gamma,30,42.0,3.6,0.018,18.0,0.15,0.0,0.0,41.7167607421688,3.5900695292829985,0.019239603616913195,19.239603616913197,-430.17755182134306,430.17755182134306,866.3551036426861,878.4758677765184,True,CONVERGENCE: RELATIVE REDUCTION OF F <= FACTR*EPSMCH,33,0,0.11921378371910048,42.65793216940952,3.5834196445069635,0.019276271163141314,19.276271163141313,0.16319920777052868,-430.0020221735511,430.0020221735511,868.0040443471022,884.1650631922118,False,ABNORMAL: ,107,0,0.11916989086637451,43.30428600187576,3.5823176208626575,0.021468415031550392,21.468415031550393,0.0036767768426727897,3.6767768426727896,-430.04443722173585,430.04443722173585,868.0888744434717,884.2498932885813,True,CONVERGENCE: RELATIVE REDUCTION OF F <= FACTR*EPSMCH,104,0,0.11656667518896185,0.17552964779196145,1.648940704416077,5.689195415693462,-4.3892852725962994e-05,old,old,new,0.13311459960721095,1.733770800785578,5.774025512062963,-0.0026471085301386227,old,old,t0var,0.0424150481847505,-0.084830096369501,-0.084830096369501,0.0026032156774126597,new,new,t0var,old,old,t0var,420,49,23.09238624572754,13,3880305411,main
89,S04_new_mildVar,new,gamma,30,42.0,3.6,0.018,18.0,0.15,0.0,0.0,38.721005711090335,3.7149073422550987,0.016646060498012278,16.64606049801228,-453.80590137507744,453.80590137507744,913.6118027501549,925.7325668839871,True,CONVERGENCE: RELATIVE REDUCTION OF F <= FACTR*EPSMCH,33,0,0.1318685027940381,38.72102423658647,3.7149071346430063,0.016646068896022218,16.646068896022218,0.0001,-453.80590139800483,453.80590139800483,915.6118027960097,931.7728216411193,True,CONVERGENCE: RELATIVE REDUCTION OF F <= FACTR*EPSMCH,107,0,0.1318684874860302,39.830747980449964,3.7057700055091405,0.01829252071789487,18.29252071789487,0.006532536435686086,6.532536435686087,-453.2767977115884,453.2767977115884,914.5535954231768,930.7146142682865,True,CONVERGENCE: RELATIVE REDUCTION OF F <= FACTR*EPSMCH,104,0,0.13155348096546512,-2.2927395093574887e-08,2.00000004585479,6.040254757132175,-1.5308007916825517e-08,old,old,new,0.5291036634890247,0.9417926730219506,4.982047384299335,-0.00031502182857298666,old,old,t0var,-0.5291036864164198,1.0582073728328396,1.0582073728328396,0.00031500652056506984,t0var,t0var,t0var,old,old,t0var,420,52,27.64037537574768,14,1970904393,main
90,S04_new_mildVar,new,gamma,30,42.0,3.6,0.018,18.0,0.15,0.0,0.0,36.78997174544982,3.658084564887338,0.017555900048250597,17.555900048250596,-444.0210679641892,444.0210679641892,894.0421359283785,906.1629000622107,True,CONVERGENCE: RELATIVE REDUCTION OF F <= FACTR*EPSMCH,33,0,0.08048523946089428,36.78996005124048,3.6580845812872123,0.017555905714651914,17.555905714651914,0.0001,-444.02106800051496,444.02106800051496,896.0421360010299,912.2031548461396,True,CONVERGENCE: RELATIVE REDUCTION OF F <= FACTR*EPSMCH,107,0,0.08048527898109122,36.789781037445884,3.6580857003345946,0.017555573356331802,17.555573356331802,0.0001,0.1,-444.02141801045076,444.02141801045076,896.0428360209015,912.2038548660112,True,CONVERGENCE: RELATIVE REDUCTION OF F <= FACTR*EPSMCH,104,0,0.08048458878009247,-3.63257299795805e-08,2.00000007265146,6.0402547839288445,3.952019693442832e-08,old,old,old,-0.00035004626153067875,2.0007000925230614,6.040954803800446,-6.506808018086341e-07,old,old,t0var,0.00035000993580069917,-0.0007000198716013983,-0.0007000198716013983,6.902009987430624e-07,new,new,t0var,old,old,t0var,420,50,25.610027313232422,15,1104125174,main
91,S04_new_mildVar,new,gamma,30,42.0,3.6,0.018,18.0,0.15,0.0,0.0,41.18212643258867,3.5858876651783222,0.018447024549845332,18.44702454984533,-442.8747023969331,442.8747023969331,891.7494047938662,903.8701689276985,True,CONVERGENCE: RELATIVE REDUCTION OF F <= FACTR*EPSMCH,33,0,0.17846098381072023,41.73654181696164,3.582017727470083,0.018491054394556013,18.491054394556013,0.12591375634448715,-442.81791874501323,442.81791874501323,893.6358374900265,909.7968563351361,True,CONVERGENCE: RELATIVE REDUCTION OF F <= FACTR*EPSMCH,107,0,0.1786471906256097,43.374393063320724,3.5740633278230325,0.02147150365326968,21.471503653269682,0.0068002712595446185,6.800271259544618,-442.68246280657064,442.68246280657064,893.3649256131413,909.5259444582509,True,CONVERGENCE: RELATIVE REDUCTION OF F <= FACTR*EPSMCH,104,0,0.17799656179996337,0.056783651919886324,1.8864326961602274,5.926687407437612,0.00018620681488945579,old,old,old,0.19223959036247606,1.6155208192750479,5.655775530552432,-0.00046442201075685974,old,old,t0var,-0.13545593844258974,0.2709118768851795,0.2709118768851795,0.0006506288256463155,t0var,t0var,t0var,old,old,t0var,420,48,22.522952795028687,16,1247132544,main
92,S04_new_mildVar,new,gamma,30,42.0,3.6,0.018,18.0,0.15,0.0,0.0,43.3555542842427,3.558059752620913,0.017347021669353712,17.347021669353712,-439.843639976669,439.843639976669,885.687279953338,897.8080440871703,True,CONVERGENCE: RELATIVE REDUCTION OF F <= FACTR*EPSMCH,33,0,0.11182901573339776,44.01305137513182,3.553379394844186,0.017426878424023087,17.426878424023087,0.1263591376171525,-439.7874004797767,439.7874004797767,887.5748009595534,903.735819804663,True,CONVERGENCE: RELATIVE REDUCTION OF F <= FACTR*EPSMCH,107,0,0.11244056381864037,43.355258888505375,3.5580607189856654,0.01734663074449814,17.34663074449814,0.0001,0.1,-439.8440780978145,439.8440780978145,887.688156195629,903.8491750407386,True,CONVERGENCE: RELATIVE REDUCTION OF F <= FACTR*EPSMCH,104,0,0.11182947607288114,0.05623949689231722,1.8875210062153656,5.92777571749275,0.0006115480852426081,old,old,old,-0.0004381211454642653,2.0008762422909285,6.041130953568313,4.603394833796459e-07,old,old,old,0.056677618037781485,-0.11335523607556297,-0.11335523607556297,0.0006110877457592284,new,new,t0var,old,old,old,420,50,23.085517168045044,17,1459551595,main
93,S04_new_mildVar,new,gamma,30,42.0,3.6,0.018,18.0,0.15,0.0,0.0,40.113524765152285,3.605633486508173,0.01805594855827963,18.05594855827963,-428.5160244270234,428.5160244270234,863.0320488540468,875.1528129878791,True,CONVERGENCE: RELATIVE REDUCTION OF F <= FACTR*EPSMCH,33,0,0.17629466046331735,40.11352455211775,3.605633464533214,0.018055952923222353,18.055952923222353,0.0001,-428.51602474300944,428.51602474300944,865.0320494860189,881.1930683311285,True,CONVERGENCE: RELATIVE REDUCTION OF F <= FACTR*EPSMCH,107,0,0.17629464570612538,40.11325874289303,3.605634703453307,0.0180555790616811,18.0555790616811,0.0001,0.1,-428.5164821635948,428.5164821635948,865.0329643271896,881.1939831722992,True,CONVERGENCE: RELATIVE REDUCTION OF F <= FACTR*EPSMCH,104,0,0.1762944528897429,-3.1598602845406276e-07,2.000000631972057,6.0402553432494415,-1.4757191968417516e-08,old,old,new,-0.0004577365713771542,2.0009154731427543,6.041170184420139,-2.07573574440012e-07,old,old,t0var,0.0004574205853487001,-0.0009148411706974002,-0.0009148411706974002,1.928163824715945e-07,new,new,t0var,old,old,t0var,420,48,24.07450556755066,18,2705073331,main
94,S04_new_mildVar,new,gamma,30,42.0,3.6,0.018,18.0,0.15,0.0,0.0,40.825112613379545,3.589562841435904,0.018015526385298426,18.015526385298426,-428.6824493205386,428.6824493205386,863.3648986410772,875.4856627749094,True,CONVERGENCE: RELATIVE REDUCTION OF F <= FACTR*EPSMCH,33,0,0.10171616934582212,40.82514450290241,3.5895625177661077,0.01801553032965349,18.01553032965349,0.0001,-428.68244957322406,428.68244957322406,865.3648991464481,881.5259179915578,True,CONVERGENCE: RELATIVE REDUCTION OF F <= FACTR*EPSMCH,107,0,0.10171617883570074,42.17811764947462,3.5813853052167173,0.01990300926111453,19.90300926111453,0.004747594102356716,4.747594102356716,-427.85153690701395,427.85153690701395,863.7030738140279,879.8640926591376,True,CONVERGENCE: RELATIVE REDUCTION OF F <= FACTR*EPSMCH,104,0,0.10217575420382805,-2.5268548142776126e-07,2.000000505370963,6.040255216648347,9.489878619040049e-09,old,old,old,0.8309124135246293,0.3381751729507414,4.378429884228126,0.0004595848580059292,old,old,old,-0.8309126662101107,1.6618253324202215,1.6618253324202215,-0.00045957536812731015,t0var,t0var,new,old,old,old,420,51,30.98039722442627,19,1111766880,main
95,S04_new_mildVar,new,gamma,30,42.0,3.6,0.018,18.0,0.15,0.0,0.0,39.58478723638851,3.6510567662643427,0.01710751725637502,17.107517256375022,-456.0597071873153,456.0597071873153,918.1194143746307,930.2401785084629,True,CONVERGENCE: RELATIVE REDUCTION OF F <= FACTR*EPSMCH,33,0,0.15399256545509168,41.173113924865476,3.6376302173677213,0.01737057937185664,17.37057937185664,0.20585099934681864,-455.64018130020895,455.64018130020895,919.2803626004179,935.4413814455276,True,CONVERGENCE: RELATIVE REDUCTION OF F <= FACTR*EPSMCH,107,0,0.15275302844463998,39.5845597268775,3.6510581577071117,0.017107174342678437,17.107174342678437,0.0001,0.1,-456.05986558145,456.05986558145,920.1197311629,936.2807500080097,True,CONVERGENCE: RELATIVE REDUCTION OF F <= FACTR*EPSMCH,104,0,0.15399233577774774,0.4195258871063743,1.1609482257872514,5.201202937064636,-0.0012395370104517078,old,old,new,-0.0001583941347007567,2.0003167882694015,6.040571499546786,-2.2967734394918615e-07,old,old,t0var,0.41968428124107504,-0.8393685624821501,-0.8393685624821501,-0.0012393073331077586,new,new,new,old,old,new,420,52,28.884349822998047,20,3603600008,main
96,S04_new_mildVar,new,gamma,30,42.0,3.6,0.018,18.0,0.15,0.0,0.0,43.1035298738611,3.4911580946551313,0.019183822446042744,19.183822446042743,-413.48707661657954,413.48707661657954,832.9741532331591,845.0949173669914,True,CONVERGENCE: RELATIVE REDUCTION OF F <= FACTR*EPSMCH,33,0,0.0760155575639192,43.36803957159801,3.489387770059436,0.01919667597293304,19.19667597293304,0.08047509002863626,-413.47472474204835,413.47472474204835,834.9494494840967,851.1104683292064,True,CONVERGENCE: RELATIVE REDUCTION OF F <= FACTR*EPSMCH,107,0,0.07554289941516286,43.10323419638386,3.4911592706790517,0.0191834292711829,19.183429271182902,0.0001,0.1,-413.4875836008991,413.4875836008991,834.9751672017982,851.1361860469078,True,CONVERGENCE: RELATIVE REDUCTION OF F <= FACTR*EPSMCH,104,0,0.07601529526967357,0.012351874531191243,1.9752962509376175,6.015550962215002,-0.0004726581487563414,old,old,new,-0.0005069843195428803,2.0010139686390858,6.04126867991647,-2.622942456287358e-07,old,old,t0var,0.012858858850734123,-0.025717717701468246,-0.025717717701468246,-0.00047239585451071264,new,new,new,old,old,new,420,52,27.77620577812195,21,1526631005,main
97,S04_new_mildVar,new,gamma,30,42.0,3.6,0.018,18.0,0.15,0.0,0.0,44.973916578656194,3.6004804414994296,0.017395969963190566,17.395969963190566,-444.487466194128,444.487466194128,894.974932388256,907.0956965220882,True,CONVERGENCE: RELATIVE REDUCTION OF F <= FACTR*EPSMCH,33,0,0.14799537173660018,46.83147774364402,3.590120902746581,0.01763884177220634,17.63884177220634,0.20198546843519186,-444.05183909827286,444.05183909827286,896.1036781965457,912.2646970416554,True,CONVERGENCE: RELATIVE REDUCTION OF F <= FACTR*EPSMCH,107,0,0.146996273037688,44.97359362767169,3.600481505342158,0.017395568289620942,17.395568289620943,0.0001,0.1,-444.48780341457984,444.48780341457984,896.9756068291597,913.1366256742693,True,CONVERGENCE: RELATIVE REDUCTION OF F <= FACTR*EPSMCH,104,0,0.147994668392738,0.43562709585512494,1.1287458082897501,5.169000519567135,-0.000999098698912182,old,old,new,-0.0003372204518541366,2.0006744409037083,6.040929152181093,-7.033438621795174e-07,old,old,t0var,0.43596431630697907,-0.8719286326139581,-0.8719286326139581,-0.0009983953550500024,new,new,new,old,old,new,420,50,25.920671224594116,22,277795965,main
98,S04_new_mildVar,new,gamma,30,42.0,3.6,0.018,18.0,0.15,0.0,0.0,40.97953109520468,3.5757318647723557,0.01732599372095952,17.32599372095952,-453.4710707193627,453.4710707193627,912.9421414387253,925.0629055725576,True,CONVERGENCE: RELATIVE REDUCTION OF F <= FACTR*EPSMCH,33,0,0.1703559686282873,42.88578240368446,3.5626768084635403,0.017587860539465754,17.587860539465755,0.22187370206300697,-452.8990646358926,452.8990646358926,913.7981292717852,929.9591481168949,True,CONVERGENCE: RELATIVE REDUCTION OF F <= FACTR*EPSMCH,107,0,0.16868363088920052,40.97927192913921,3.575733012705901,0.017325624135406968,17.32562413540697,0.0001,0.1,-453.47142620028006,453.47142620028006,914.9428524005601,931.1038712456698,True,CONVERGENCE: RELATIVE REDUCTION OF F <= FACTR*EPSMCH,104,0,0.1703554569636624,0.5720060834700575,0.8559878330598849,4.8962425443372695,-0.0016723377390867877,old,old,new,-0.0003554809173920148,2.000710961834784,6.040965673112169,-5.116646249192502e-07,old,old,t0var,0.5723615643874496,-1.1447231287748991,-1.1447231287748991,-0.0016718260744618685,new,new,new,old,old,new,420,50,21.696697235107422,23,21570758,main
99,S04_new_mildVar,new,gamma,30,42.0,3.6,0.018,18.0,0.15,0.0,0.0,45.29546021135505,3.510389663283948,0.01859389124752523,18.59389124752523,-410.85755332986844,410.85755332986844,827.7151066597369,839.8358707935691,True,CONVERGENCE: RELATIVE REDUCTION OF F <= FACTR*EPSMCH,33,0,0.09046166907151192,45.29545743593523,3.5103896621458937,0.018593890901848032,18.59389090184803,0.0001,-410.85755365904396,410.85755365904396,829.7151073180879,845.8761261631976,True,CONVERGENCE: RELATIVE REDUCTION OF F <= FACTR*EPSMCH,107,0,0.09046166564355118,45.295105963495374,3.5103910991486575,0.018593475363452794,18.593475363452793,0.0001,0.1,-410.85829059402226,410.85829059402226,829.7165811880445,845.8776000331542,True,CONVERGENCE: RELATIVE REDUCTION OF F <= FACTR*EPSMCH,104,0,0.09046228488800485,-3.2917552061917377e-07,2.0000006583510412,6.040255369628426,-3.427960734714297e-09,old,old,new,-0.0007372641538267999,2.0014745283076536,6.041729239585038,6.158164929381815e-07,old,old,old,0.0007369349783061807,-0.0014738699566123614,-0.0014738699566123614,-6.192444536728958e-07,new,new,new,old,old,new,420,48,23.549232244491577,24,107846371,main
100,S04_new_mildVar,new,gamma,30,42.0,3.6,0.018,18.0,0.15,0.0,0.0,41.54676384682581,3.642865564680908,0.017783481078281472,17.783481078281472,-443.8709274474914,443.8709274474914,893.7418548949828,905.8626190288151,True,CONVERGENCE: RELATIVE REDUCTION OF F <= FACTR*EPSMCH,33,0,0.13716067751634306,42.80734362533159,3.6332185083442914,0.01791013646726363,17.91013646726363,0.18419073251780263,-443.5825406322277,443.5825406322277,895.1650812644554,911.326100109565,True,CONVERGENCE: RELATIVE REDUCTION OF F <= FACTR*EPSMCH,107,0,0.1384638869878269,41.54649314600043,3.64286695419859,0.017783096595570824,17.783096595570825,0.0001,0.1,-443.87137808090966,443.87137808090966,895.7427561618193,911.903775006929,True,CONVERGENCE: RELATIVE REDUCTION OF F <= FACTR*EPSMCH,104,0,0.13716178253699232,0.28838681526372056,1.4232263694725589,5.463481080749943,0.0013032094714838516,old,old,old,-0.0004506334182678984,2.000901266836536,6.04115597811392,1.1050206492613235e-06,old,old,old,0.28883744868198846,-0.5776748973639769,-0.5776748973639769,0.0013021044508345903,new,new,t0var,old,old,old,420,50,24.571325302124023,25,2699835958,main
101,S05_new_moderateVar,new,gamma,30,42.0,3.6,0.018,18.0,0.3,0.0,0.0,42.77478966618711,3.5634763066028587,0.017710499185537704,17.710499185537703,-465.25650011277935,465.25650011277935,936.5130002255587,948.633764359391,True,CONVERGENCE: RELATIVE REDUCTION OF F <= FACTR*EPSMCH,33,0,0.11176636068032617,49.18131229033789,3.5267849484151794,0.01832476100552243,18.324761005522433,0.3892097159746701,-460.6829680637945,460.6829680637945,929.365936127589,945.5269549726986,True,CONVERGENCE: RELATIVE REDUCTION OF F <= FACTR*EPSMCH,107,0,0.08336391031974606,42.774499583904245,3.563477830936342,0.0177101160907142,17.7101160907142,0.0001,0.1,-465.2568077627679,465.2568077627679,938.5136155255358,954.6746343706454,True,CONVERGENCE: RELATIVE REDUCTION OF F <= FACTR*EPSMCH,104,0,0.11176576148128001,4.573532048984873,-7.147064097969746,-3.106809386692362,-0.028402450360580103,new,new,new,-0.00030764998854238,2.0006152999770848,6.040870011254469,-5.991990461584606e-07,old,old,t0var,4.573839698973416,-9.147679397946831,-9.147679397946831,-0.028401851161533945,new,new,new,new,new,new,420,51,26.08302092552185,1,1489578131,main
102,S05_new_moderateVar,new,gamma,30,42.0,3.6,0.018,18.0,0.3,0.0,0.0,39.146239927647535,3.50776377442018,0.01765500235299067,17.65500235299067,-447.7008544354231,447.7008544354231,901.4017088708462,913.5224730046784,True,CONVERGENCE: RELATIVE REDUCTION OF F <= FACTR*EPSMCH,33,0,0.13490114644671947,40.58518748907211,3.496722963781535,0.017849025520322373,17.849025520322375,0.19882831340821522,-447.3551212229918,447.3551212229918,902.7102424459836,918.8712612910932,True,CONVERGENCE: RELATIVE REDUCTION OF F <= FACTR*EPSMCH,107,0,0.13321291227946344,39.14601559338629,3.507764534688983,0.01765465931739903,17.65465931739903,0.0001,0.1,-447.70111180749126,447.70111180749126,903.4022236149825,919.5632424600922,True,CONVERGENCE: RELATIVE REDUCTION OF F <= FACTR*EPSMCH,104,0,0.13490102640101262,0.3457332124312984,1.3085335751374032,5.348788286414788,-0.0016882341672560253,old,old,new,-0.00025737206817666447,2.0005147441363533,6.040769455413738,-1.2004570684731597e-07,old,old,t0var,0.34599058449947506,-0.6919811689989501,-0.6919811689989501,-0.001688114121549178,new,new,new,old,old,new,420,49,22.148383617401123,2,1212824492,main
103,S05_new_moderateVar,new,gamma,30,42.0,3.6,0.018,18.0,0.3,0.0,0.0,34.94974567635134,3.698912577147123,0.016446537421789215,16.446537421789216,-483.1421043608507,483.1421043608507,972.2842087217014,984.4049728555336,True,CONVERGENCE: RELATIVE REDUCTION OF F <= FACTR*EPSMCH,33,0,0.17973200871612605,39.48734734819421,3.6435777615709397,0.01747468391691155,17.47468391691155,0.3658920356416743,-480.0492196751387,480.0492196751387,968.0984393502774,984.2594581953871,True,CONVERGENCE: RELATIVE REDUCTION OF F <= FACTR*EPSMCH,107,0,0.16653292791293128,34.87097496697105,3.6994655145281987,0.01629952067643418,16.29952067643418,0.0023387584210316412,2.338758421031641,-483.1037455814756,483.1037455814756,974.2074911629512,990.3685100080609,True,CONVERGENCE: RELATIVE REDUCTION OF F <= FACTR*EPSMCH,104,0,0.17938745139340614,3.092884685711965,-4.18576937142393,-0.1455146601465458,-0.013199080803194763,new,new,new,0.03835877937507348,1.923282441249853,5.963537152527238,-0.0003445573227199017,old,old,t0var,3.0545259063368917,-6.109051812673783,-6.109051812673783,-0.012854523480474861,new,new,new,new,new,new,420,54,48.374324798583984,3,2623924744,main
104,S05_new_moderateVar,new,gamma,30,42.0,3.6,0.018,18.0,0.3,0.0,0.0,41.63506841324796,3.6040670624082543,0.01738321747812026,17.38321747812026,-455.6595914631147,455.6595914631147,917.3191829262294,929.4399470600616,True,CONVERGENCE: RELATIVE REDUCTION OF F <= FACTR*EPSMCH,33,0,0.14627011851982863,45.29366821928958,3.579282227624492,0.01783704705392601,17.83704705392601,0.29857840845484385,-453.6570346131745,453.6570346131745,915.314069226349,931.4750880714587,True,CONVERGENCE: RELATIVE REDUCTION OF F <= FACTR*EPSMCH,107,0,0.134934610049941,41.63481047512102,3.6040680890301076,0.0173828455892667,17.382845589266697,0.0001,0.1,-455.6598829444728,455.6598829444728,919.3197658889457,935.4807847340553,True,CONVERGENCE: RELATIVE REDUCTION OF F <= FACTR*EPSMCH,104,0,0.14627031639922375,2.002556849940163,-2.005113699880326,2.0351410113970587,-0.011335508469887623,new,old,new,-0.0002914813581469389,2.000582962716294,6.040837673993678,1.978793951196156e-07,old,old,old,2.00284833129831,-4.00569666259662,-4.00569666259662,-0.011335706349282743,new,new,new,new,old,new,420,52,27.91622257232666,4,292434398,main
105,S05_new_moderateVar,new,gamma,30,42.0,3.6,0.018,18.0,0.3,0.0,0.0,40.16666004984042,3.6378943115838673,0.019598129312245853,19.598129312245852,-437.0126452103297,437.0126452103297,880.0252904206594,892.1460545544917,True,CONVERGENCE: RELATIVE REDUCTION OF F <= FACTR*EPSMCH,33,0,0.12025214064178422,42.06760277268194,3.6218211703195036,0.019637551887759053,19.637551887759052,0.24104706541335927,-436.2709081595809,436.2709081595809,880.5418163191619,896.7028351642715,True,CONVERGENCE: RELATIVE REDUCTION OF F <= FACTR*EPSMCH,107,0,0.1178836371355744,40.96392011377447,3.6333395719665056,0.020816076976228188,20.81607697622819,0.0019050354961560306,1.9050354961560305,-436.96773974973485,436.96773974973485,881.9354794994697,898.0964983445793,True,CONVERGENCE: RELATIVE REDUCTION OF F <= FACTR*EPSMCH,104,0,0.11822110147188425,0.7417370507487817,0.5165258985024366,4.556780609779821,-0.002368503506209818,old,old,new,0.04490546059486178,1.9101890788102764,5.950443790087661,-0.0020310391698999675,old,old,t0var,0.6968315901539199,-1.3936631803078399,-1.3936631803078399,-0.0003374643363098506,new,new,new,old,old,new,420,49,27.42431616783142,5,2324790283,main
106,S05_new_moderateVar,new,gamma,30,42.0,3.6,0.018,18.0,0.3,0.0,0.0,36.33170067873691,3.535932332911771,0.018208348632186136,18.208348632186137,-448.533857842629,448.533857842629,903.067715685258,915.1884798190903,True,CONVERGENCE: RELATIVE REDUCTION OF F <= FACTR*EPSMCH,33,0,0.23348729477863284,38.34448542870739,3.5158541087393234,0.01839716762407734,18.39716762407734,0.26081257089217563,-447.7162964247733,447.7162964247733,903.4325928495466,919.5936116946563,True,CONVERGENCE: RELATIVE REDUCTION OF F <= FACTR*EPSMCH,107,0,0.23571028445251904,38.343010940319665,3.5227701504675353,0.021479576682305348,21.479576682305346,0.006559660254008104,6.5596602540081035,-447.19367070889797,447.19367070889797,902.3873414177959,918.5483602629056,False,ABNORMAL: ,104,0,0.23582155460343768,0.8175614178556998,0.3648771642886004,4.405131875565985,0.0022229896738862054,old,old,old,1.3401871337310354,-0.6803742674620707,3.359880443815314,0.0023342598248048407,t0var,old,old,-0.5226257158753356,1.0452514317506711,1.0452514317506711,-0.00011127015091863535,t0var,t0var,new,t0var,old,old,420,52,41.04982614517212,6,2649260283,main
107,S05_new_moderateVar,new,gamma,30,42.0,3.6,0.018,18.0,0.3,0.0,0.0,38.66284911043111,3.5542632195447537,0.018681520581001847,18.68152058100185,-438.6589515724062,438.6589515724062,883.3179031448124,895.4386672786446,True,CONVERGENCE: RELATIVE REDUCTION OF F <= FACTR*EPSMCH,33,0,0.1635474597336273,40.00556573881191,3.543767122204563,0.018783481612472886,18.783481612472887,0.20189428269974227,-438.25506271420545,438.25506271420545,884.5101254284109,900.6711442735206,True,CONVERGENCE: RELATIVE REDUCTION OF F <= FACTR*EPSMCH,107,0,0.16489499155472165,38.66261185446294,3.554264446005029,0.018681165095436433,18.681165095436434,0.0001,0.1,-438.6593508456769,438.6593508456769,885.3187016913538,901.4797205364634,True,CONVERGENCE: RELATIVE REDUCTION OF F <= FACTR*EPSMCH,104,0,0.16354766712167415,0.4038888582007303,1.1922222835985394,5.232476994875924,0.0013475318210943443,old,old,old,-0.000399273270716094,2.000798546541432,6.041053257818817,2.0738804684672374e-07,old,old,old,0.4042881314714464,-0.8085762629428928,-0.8085762629428928,0.0013473244330474976,new,new,t0var,old,old,old,420,51,24.309244632720947,7,136538205,main
108,S05_new_moderateVar,new,gamma,30,42.0,3.6,0.018,18.0,0.3,0.0,0.0,38.99126282239593,3.521825968147974,0.018987659603612383,18.987659603612382,-443.04349186403886,443.04349186403886,892.0869837280777,904.20774786191,True,CONVERGENCE: RELATIVE REDUCTION OF F <= FACTR*EPSMCH,33,0,0.1289424696685907,41.80233123961459,3.499112640452809,0.01916132152971713,19.16132152971713,0.2806621195473764,-441.5717196369443,441.5717196369443,891.1434392738886,907.3044581189982,True,CONVERGENCE: RELATIVE REDUCTION OF F <= FACTR*EPSMCH,107,0,0.12489642168441617,38.99105396081262,3.521826589289146,0.018987321410941862,18.987321410941863,0.0001,0.1,-443.0437212383204,443.0437212383204,894.0874424766408,910.2484613217505,True,CONVERGENCE: RELATIVE REDUCTION OF F <= FACTR*EPSMCH,104,0,0.1289422761259974,1.4717722270945615,-0.9435444541891229,3.0967102570882616,-0.004046047984174517,new,old,new,-0.00022937428155955786,2.000458748563119,6.040713459840504,-1.9354259328530077e-07,old,old,t0var,1.472001601376121,-2.944003202752242,-2.944003202752242,-0.004045854441581231,new,new,new,new,old,new,420,50,24.70361089706421,8,757315778,main
109,S05_new_moderateVar,new,gamma,30,42.0,3.6,0.018,18.0,0.3,0.0,0.0,38.019210152419944,3.6262704793675624,0.016312300761491295,16.312300761491297,-476.6061793097885,476.6061793097885,959.212358619577,971.3331227534093,True,CONVERGENCE: RELATIVE REDUCTION OF F <= FACTR*EPSMCH,33,0,0.18335103727528332,40.550026848009495,3.604839317855217,0.016798534110529898,16.798534110529896,0.2726920803853476,-475.6866952691174,475.6866952691174,959.3733905382348,975.5344093833445,True,CONVERGENCE: RELATIVE REDUCTION OF F <= FACTR*EPSMCH,107,0,0.18406549425088425,40.10258982696606,3.6076690869725017,0.019433595367975724,19.433595367975723,0.015135980187951042,15.135980187951041,-475.8056863172648,475.8056863172648,959.6113726345296,975.7723914796393,True,CONVERGENCE: RELATIVE REDUCTION OF F <= FACTR*EPSMCH,104,0,0.19806639558171854,0.9194840406710796,0.16103191865784083,4.201286629935225,0.0007144569756009356,old,old,old,0.8004929925236866,0.3990140149526269,4.4392687262300115,0.014715358306435222,old,old,old,0.11899104814739303,-0.23798209629478606,-0.23798209629478606,-0.014000901330834287,new,new,new,old,old,old,420,51,27.486624002456665,9,1676420718,main
110,S05_new_moderateVar,new,gamma,30,42.0,3.6,0.018,18.0,0.3,0.0,0.0,34.036646563475195,3.5660255325138692,0.016108499688147367,16.10849968814737,-461.9485174960789,461.9485174960789,929.8970349921578,942.0177991259901,True,CONVERGENCE: RELATIVE REDUCTION OF F <= FACTR*EPSMCH,33,0,0.10597308151490895,35.735338922437464,3.5466819287312825,0.016606718549500212,16.60671854950021,0.2246289139820163,-461.3543123216198,461.3543123216198,930.7086246432395,946.8696434883492,True,CONVERGENCE: RELATIVE REDUCTION OF F <= FACTR*EPSMCH,107,0,0.09661371648758758,34.03649803963792,3.5660262843745425,0.016108195748013858,16.10819574801386,0.0001,0.1,-461.94874990819415,461.94874990819415,931.8974998163883,948.0585186614979,True,CONVERGENCE: RELATIVE REDUCTION OF F <= FACTR*EPSMCH,104,0,0.10597225891850179,0.5942051744591481,0.8115896510817038,4.851844362359088,-0.009359365027321362,old,old,new,-0.0002324121152241787,2.0004648242304484,6.040719535507833,-8.225964071573166e-07,old,old,t0var,0.5944375865743723,-1.1888751731487446,-1.1888751731487446,-0.009358542430914205,new,new,new,old,old,new,420,51,23.973138332366943,10,1307338167,main
111,S05_new_moderateVar,new,gamma,30,42.0,3.6,0.018,18.0,0.3,0.0,0.0,38.81680594559877,3.554762410288892,0.01833309822380535,18.333098223805347,-460.22716259997924,460.22716259997924,926.4543251999585,938.5750893337907,True,CONVERGENCE: RELATIVE REDUCTION OF F <= FACTR*EPSMCH,33,0,0.15042886166582517,43.2717723870592,3.519787687426091,0.018765820423926213,18.76582042392621,0.3437065244824511,-457.06194657598775,457.06194657598775,922.1238931519755,938.2849119970851,True,CONVERGENCE: RELATIVE REDUCTION OF F <= FACTR*EPSMCH,107,0,0.12121017608534088,38.816581328266295,3.554763455135099,0.018332758734981535,18.332758734981535,0.0001,0.1,-460.22726558586714,460.22726558586714,928.4545311717343,944.6155500168439,True,CONVERGENCE: RELATIVE REDUCTION OF F <= FACTR*EPSMCH,104,0,0.15042813966328855,3.1652160239914906,-4.330432047982981,-0.29017733670559664,-0.029218685580484294,new,new,new,-0.00010298588790647045,2.000205971775813,6.0404606830531975,-7.220025366183602e-07,old,old,t0var,3.165319009879397,-6.330638019758794,-6.330638019758794,-0.029217963577947675,new,new,new,new,new,new,420,52,28.445988416671753,11,4083072379,main
112,S05_new_moderateVar,new,gamma,30,42.0,3.6,0.018,18.0,0.3,0.0,0.0,41.76862573796206,3.6199075765826794,0.0166889770843647,16.6889770843647,-459.9400958404732,459.9400958404732,925.8801916809464,938.0009558147786,True,CONVERGENCE: RELATIVE REDUCTION OF F <= FACTR*EPSMCH,33,0,0.06854991409130275,44.947775382876735,3.5943322524936017,0.017140375300069816,17.140375300069817,0.2777974704821258,-458.74879721850743,458.74879721850743,925.4975944370149,941.6586132821245,True,CONVERGENCE: RELATIVE REDUCTION OF F <= FACTR*EPSMCH,107,0,0.06981637616994764,41.76837006893884,3.6199086940587355,0.01668861151406953,16.688611514069528,0.0001,0.1,-459.94036997724584,459.94036997724584,927.8807399544917,944.0417587996013,True,CONVERGENCE: RELATIVE REDUCTION OF F <= FACTR*EPSMCH,104,0,0.06854977325075394,1.1912986219657569,-0.38259724393151373,3.657657467345871,0.0012664620786448921,new,old,old,-0.0002741367726457611,2.0005482735452915,6.040802984822676,-1.4084054880680874e-07,old,old,t0var,1.1915727587384026,-2.3831455174768053,-2.3831455174768053,0.001266602919193699,new,new,t0var,new,old,t0var,420,53,27.021944284439087,12,1893594432,main
113,S05_new_moderateVar,new,gamma,30,42.0,3.6,0.018,18.0,0.3,0.0,0.0,35.943438351038566,3.6414651042490487,0.017200587076263377,17.20058707626338,-464.14566351141826,464.14566351141826,934.2913270228365,946.4120911566688,True,CONVERGENCE: RELATIVE REDUCTION OF F <= FACTR*EPSMCH,33,0,0.12338593905799072,38.73763468126111,3.613913961943519,0.017613259032097747,17.613259032097748,0.2978236386874433,-462.42120894382913,462.42120894382913,932.8424178876583,949.0034367327679,True,CONVERGENCE: RELATIVE REDUCTION OF F <= FACTR*EPSMCH,107,0,0.1247568855153797,35.94325824541632,3.641466197872539,0.017200256640696677,17.200256640696676,0.0001,0.1,-464.14596729119705,464.14596729119705,936.2919345823941,952.4529534275038,True,CONVERGENCE: RELATIVE REDUCTION OF F <= FACTR*EPSMCH,104,0,0.1233861827828892,1.7244545675891345,-1.448909135178269,2.5913455760991155,0.0013709464573889718,new,old,old,-0.0003037797787897034,2.0006075595575794,6.040862270834964,2.4372489847157564e-07,old,old,old,1.7247583473679242,-3.4495166947358484,-3.4495166947358484,0.0013707027324905002,new,new,t0var,new,old,old,420,51,27.842076301574707,13,2778578552,main
114,S05_new_moderateVar,new,gamma,30,42.0,3.6,0.018,18.0,0.3,0.0,0.0,39.06886045314477,3.6077635826940906,0.017362643103648514,17.362643103648512,-449.2005439277399,449.2005439277399,904.4010878554798,916.521851989312,True,CONVERGENCE: RELATIVE REDUCTION OF F <= FACTR*EPSMCH,33,0,0.15341927931488572,40.93112746462194,3.589124635317222,0.017622881026935166,17.622881026935165,0.22259716058948295,-448.5920072080726,448.5920072080726,905.1840144161451,921.3450332612548,True,CONVERGENCE: RELATIVE REDUCTION OF F <= FACTR*EPSMCH,107,0,0.15002571930912584,39.068644441930495,3.6077650085191384,0.017362288996827163,17.36228899682716,0.0001,0.1,-449.20084506579934,449.20084506579934,906.4016901315987,922.5627089767083,True,CONVERGENCE: RELATIVE REDUCTION OF F <= FACTR*EPSMCH,104,0,0.1534193771894057,0.6085367196673133,0.7829265606653735,4.823181271942758,-0.0033935600057598825,old,old,new,-0.00030113805945575223,2.0006022761189115,6.040856987396296,9.787451998866104e-08,old,old,old,0.608837857726769,-1.217675715453538,-1.217675715453538,-0.003393657880279871,new,new,new,old,old,new,420,52,25.20134210586548,14,645114141,main
115,S05_new_moderateVar,new,gamma,30,42.0,3.6,0.018,18.0,0.3,0.0,0.0,40.685142222715115,3.5396665837468286,0.018384587125255005,18.384587125255006,-433.33311049394155,433.33311049394155,872.6662209878831,884.7869851217154,True,CONVERGENCE: RELATIVE REDUCTION OF F <= FACTR*EPSMCH,33,0,0.13179747110235582,41.04600413872297,3.5369273755986805,0.018416342889937088,18.416342889937088,0.09951534500470528,-433.30823578910696,433.30823578910696,874.6164715782139,890.7774904233236,True,CONVERGENCE: RELATIVE REDUCTION OF F <= FACTR*EPSMCH,107,0,0.1324708283046758,40.684898761295706,3.539667442789937,0.018384224728045337,18.384224728045336,0.0001,0.1,-433.3334467065861,433.3334467065861,874.6668934131721,890.8279122582818,True,CONVERGENCE: RELATIVE REDUCTION OF F <= FACTR*EPSMCH,104,0,0.1317980191339361,0.024874704834587646,1.9502505903308247,5.990505301608209,0.0006733572023199796,old,old,old,-0.0003362126445267677,2.0006724252890535,6.040927136566438,5.480315802830482e-07,old,old,old,0.025210917479114414,-0.05042183495822883,-0.05042183495822883,0.0006728091707396966,new,new,t0var,old,old,old,420,52,24.771182775497437,15,3463485388,main
116,S05_new_moderateVar,new,gamma,30,42.0,3.6,0.018,18.0,0.3,0.0,0.0,38.160189978177954,3.6734676567843203,0.017298623918893405,17.298623918893405,-461.6261190052687,461.6261190052687,929.2522380105374,941.3730021443697,True,CONVERGENCE: RELATIVE REDUCTION OF F <= FACTR*EPSMCH,33,0,0.14227668689958908,40.87939793742332,3.6473199333571658,0.017657072433332924,17.657072433332925,0.28480893016217335,-460.36668323270294,460.36668323270294,928.7333664654059,944.8943853105155,True,CONVERGENCE: RELATIVE REDUCTION OF F <= FACTR*EPSMCH,107,0,0.15137897188051483,38.15997359698521,3.6734688444698027,0.017298280775640815,17.298280775640816,0.0001,0.1,-461.6264745117882,461.6264745117882,931.2529490235764,947.4139678686861,True,CONVERGENCE: RELATIVE REDUCTION OF F <= FACTR*EPSMCH,104,0,0.14227654663198508,1.25943577256578,-0.5188715451315602,3.5213831661458244,0.009102284980925746,new,old,old,-0.00035550651949733947,2.0007110130389947,6.040965724316379,-1.4026760400409621e-07,old,old,t0var,1.2597912790852774,-2.519582558170555,-2.519582558170555,0.00910242524852975,new,new,t0var,new,old,t0var,420,51,27.794249296188354,16,935997338,main
117,S05_new_moderateVar,new,gamma,30,42.0,3.6,0.018,18.0,0.3,0.0,0.0,37.19446982086171,3.6136581898914173,0.01555630991194477,15.556309911944771,-473.46745328558734,473.46745328558734,952.9349065711747,965.055670705007,True,CONVERGENCE: RELATIVE REDUCTION OF F <= FACTR*EPSMCH,33,0,0.16305363461387415,39.06274033691613,3.5965912740132597,0.015926224707765668,15.926224707765668,0.24301614102573232,-472.90720116350593,472.90720116350593,953.8144023270119,969.9754211721215,True,CONVERGENCE: RELATIVE REDUCTION OF F <= FACTR*EPSMCH,107,0,0.17314266131985964,41.856271482743715,3.578561492432794,0.022144603197204342,22.144603197204344,0.01789443831724394,17.894438317243942,-469.0835172289397,469.0835172289397,946.1670344578794,962.328053302989,True,CONVERGENCE: RELATIVE REDUCTION OF F <= FACTR*EPSMCH,104,0,0.1664728134166163,0.5602521220814083,0.8794957558371834,4.919750467114568,0.010089026705985493,old,old,old,4.383936056647656,-6.7678721132953115,-2.727617402017927,0.0034191788027421455,t0var,t0var,old,-3.8236839345662474,7.647367869132495,7.647367869132495,0.006669847903243348,t0var,t0var,t0var,t0var,t0var,old,420,53,28.588004112243652,17,3295827970,main
118,S05_new_moderateVar,new,gamma,30,42.0,3.6,0.018,18.0,0.3,0.0,0.0,37.19881319402028,3.714969529837865,0.018141930432263326,18.141930432263326,-451.7895245632577,451.7895245632577,909.5790491265154,921.6998132603477,True,CONVERGENCE: RELATIVE REDUCTION OF F <= FACTR*EPSMCH,33,0,0.1510092652467108,39.365227179238204,3.689100950788697,0.0183719104325915,18.3719104325915,0.258020628055552,-450.775813024347,450.775813024347,909.551626048694,925.7126448938036,True,CONVERGENCE: RELATIVE REDUCTION OF F <= FACTR*EPSMCH,107,0,0.15424528145110547,37.86474938725821,3.709516025827203,0.019232281384829727,19.232281384829726,0.003403656244528477,3.403656244528477,-451.149393618338,451.149393618338,910.298787236676,926.4598060817857,True,CONVERGENCE: RELATIVE REDUCTION OF F <= FACTR*EPSMCH,104,0,0.15070356158907244,1.0137115389107407,-0.027423077821481456,4.012831633455903,0.003236016204394676,new,old,old,0.6401309449196901,0.7197381101606197,4.759992821438004,-0.00030570365763835095,old,old,t0var,0.3735805939910506,-0.7471611879821012,-0.7471611879821012,0.003541719862033027,new,new,t0var,new,old,t0var,420,52,43.659921169281006,18,2037245216,main
119,S05_new_moderateVar,new,gamma,30,42.0,3.6,0.018,18.0,0.3,0.0,0.0,36.27223075223369,3.6754385899497932,0.016714310361415956,16.714310361415954,-496.8222611419174,496.8222611419174,999.6445222838348,1011.7652864176671,True,CONVERGENCE: RELATIVE REDUCTION OF F <= FACTR*EPSMCH,33,0,0.22195965973980517,44.654224456797564,3.6035348268753764,0.018237957599811574,18.237957599811576,0.48154588314870456,-487.89258500606144,487.89258500606144,983.7851700121229,999.9461888572325,True,CONVERGENCE: RELATIVE REDUCTION OF F <= FACTR*EPSMCH,107,0,0.1919848621426462,36.20772649758068,3.675689465543493,0.016604397033261692,16.60439703326169,0.0030076904694341343,3.0076904694341344,-496.3786888205621,496.3786888205621,1000.7573776411242,1016.9183964862339,True,CONVERGENCE: RELATIVE REDUCTION OF F <= FACTR*EPSMCH,104,0,0.22195538822997404,8.92967613585597,-15.859352271711941,-11.819097560434557,-0.02997479759715896,new,new,new,0.44357232135530467,1.1128553572893907,5.153110068566775,-4.2715098311219e-06,old,old,t0var,8.486103814500666,-16.972207629001332,-16.972207629001332,-0.029970526087327837,new,new,new,new,new,new,420,55,60.25602316856384,19,1746689922,main
120,S05_new_moderateVar,new,gamma,30,42.0,3.6,0.018,18.0,0.3,0.0,0.0,39.12466132107148,3.5832969586187766,0.01888194338370259,18.881943383702588,-461.56185127428967,461.56185127428967,929.1237025485793,941.2444666824116,True,CONVERGENCE: RELATIVE REDUCTION OF F <= FACTR*EPSMCH,33,0,0.15220611898223627,44.0987292641872,3.546291521585534,0.019203158434597127,19.20315843459713,0.3685909433491441,-457.32602762564943,457.32602762564943,922.6520552512989,938.8130740964085,True,CONVERGENCE: RELATIVE REDUCTION OF F <= FACTR*EPSMCH,107,0,0.13166146457849562,39.12444638252085,3.5832980379414288,0.01888160441721039,18.88160441721039,0.0001,0.1,-461.56202614682695,461.56202614682695,931.1240522936539,947.2850711387636,True,CONVERGENCE: RELATIVE REDUCTION OF F <= FACTR*EPSMCH,104,0,0.15220538374341952,4.235823648640235,-6.4716472972804695,-2.431392586003085,-0.020544654403740648,new,new,new,-0.00017487253728631913,2.0003497450745726,6.040604456351957,-7.352388167458646e-07,old,old,t0var,4.235998521177521,-8.471997042355042,-8.471997042355042,-0.0205439191649239,new,new,new,new,new,new,420,53,30.04009175300598,20,2045988652,main
121,S05_new_moderateVar,new,gamma,30,42.0,3.6,0.018,18.0,0.3,0.0,0.0,39.320872389253175,3.540656300681538,0.017784731398118557,17.784731398118556,-464.82399562430925,464.82399562430925,935.6479912486185,947.7687553824508,True,CONVERGENCE: RELATIVE REDUCTION OF F <= FACTR*EPSMCH,33,0,0.16647450680044024,45.25758513918211,3.494948956770244,0.018455386832628425,18.455386832628424,0.38830804193067153,-460.1271835180537,460.1271835180537,928.2543670361074,944.415385881217,True,CONVERGENCE: RELATIVE REDUCTION OF F <= FACTR*EPSMCH,107,0,0.13707671296156368,39.320670287300324,3.540657028590748,0.017784407702257362,17.78440770225736,0.0001,0.1,-464.82408345578364,464.82408345578364,937.6481669115673,953.8091857566769,True,CONVERGENCE: RELATIVE REDUCTION OF F <= FACTR*EPSMCH,104,0,0.16647416564364195,4.69681210625555,-7.393624212511099,-3.353369501233715,-0.029397793838876557,new,new,new,-8.783147438862215e-05,2.0001756629487772,6.040430374226162,-3.41156798283615e-07,old,old,t0var,4.696899937729938,-9.393799875459877,-9.393799875459877,-0.029397452682078273,new,new,new,new,new,new,420,53,26.763442039489746,21,2301477783,main
122,S05_new_moderateVar,new,gamma,30,42.0,3.6,0.018,18.0,0.3,0.0,0.0,38.69519746316762,3.4673166234875774,0.017844781431439576,17.844781431439575,-451.08853489132315,451.08853489132315,908.1770697826463,920.2978339164786,True,CONVERGENCE: RELATIVE REDUCTION OF F <= FACTR*EPSMCH,33,0,0.13678139844452644,43.264867230965216,3.434890177134555,0.018276170658905282,18.276170658905283,0.36063922185885355,-447.8238600799181,447.8238600799181,903.6477201598362,919.8087390049459,True,CONVERGENCE: RELATIVE REDUCTION OF F <= FACTR*EPSMCH,107,0,0.13914010671465174,38.69497268738392,3.4673172951952385,0.01784443037235549,17.844430372355493,0.0001,0.1,-451.0887967806576,451.0887967806576,910.1775935613152,926.3386124064249,True,CONVERGENCE: RELATIVE REDUCTION OF F <= FACTR*EPSMCH,104,0,0.13678172196960034,3.2646748114050297,-4.529349622810059,-0.4890949115326748,0.002358708270125298,new,new,old,-0.00026188933446746887,2.000523778668935,6.0407784899463195,3.235250738975459e-07,old,old,old,3.264936700739497,-6.529873401478994,-6.529873401478994,0.0023583847450514006,new,new,t0var,new,new,old,420,52,26.37430214881897,22,1096214611,main
123,S05_new_moderateVar,new,gamma,30,42.0,3.6,0.018,18.0,0.3,0.0,0.0,37.87110821210304,3.5815356466371275,0.017443816685778844,17.443816685778845,-444.0319558924808,444.0319558924808,894.0639117849616,906.1846759187939,True,CONVERGENCE: RELATIVE REDUCTION OF F <= FACTR*EPSMCH,33,0,0.09348072712947927,38.478286380610164,3.5759889646787872,0.01753116588682703,17.53116588682703,0.13371554891141016,-443.95269692436284,443.95269692436284,895.9053938487257,912.0664126938353,True,CONVERGENCE: RELATIVE REDUCTION OF F <= FACTR*EPSMCH,107,0,0.09354236889455986,37.87088788419863,3.5815370423921062,0.01744346390320741,17.443463903207412,0.0001,0.1,-444.0324184166205,444.0324184166205,896.064836833241,912.2258556783506,True,CONVERGENCE: RELATIVE REDUCTION OF F <= FACTR*EPSMCH,104,0,0.09348121750095777,0.07925896811798339,1.8414820637640332,5.881736775041418,6.164176508058339e-05,old,old,old,-0.00046252413966385575,2.0009250482793277,6.041179759556712,4.903714784926239e-07,old,old,old,0.07972149225764724,-0.15944298451529448,-0.15944298451529448,6.115139360209076e-05,new,new,t0var,old,old,old,420,49,24.78182291984558,23,521138260,main
124,S05_new_moderateVar,new,gamma,30,42.0,3.6,0.018,18.0,0.3,0.0,0.0,36.963076481616646,3.519685921334563,0.016692491375793345,16.692491375793345,-464.93766678329223,464.93766678329223,935.8753335665845,947.9960977004167,True,CONVERGENCE: RELATIVE REDUCTION OF F <= FACTR*EPSMCH,33,0,0.16570557804625852,40.52123881833195,3.4886432549448703,0.017450413630861732,17.450413630861732,0.30729973837504476,-463.11381613334936,463.11381613334936,934.2276322666987,950.3886511118084,True,CONVERGENCE: RELATIVE REDUCTION OF F <= FACTR*EPSMCH,107,0,0.15367008392263332,37.019504580774154,3.51907843786084,0.016771105585773157,16.771105585773157,0.0028600274194263433,2.860027419426343,-464.6083628170737,464.6083628170737,937.2167256341475,953.3777444792571,True,CONVERGENCE: RELATIVE REDUCTION OF F <= FACTR*EPSMCH,104,0,0.16636210278995683,1.8238506499428695,-1.647701299885739,2.3925534113916456,-0.012035494123625201,new,old,new,0.3293039662185038,1.3413920675629925,5.381646778840377,0.0006565247436983168,old,old,old,1.4945466837243657,-2.9890933674487314,-2.9890933674487314,-0.012692018867323518,new,new,new,new,old,new,420,53,45.94875621795654,24,1278033094,main
125,S05_new_moderateVar,new,gamma,30,42.0,3.6,0.018,18.0,0.3,0.0,0.0,36.460661185265685,3.7415885382010226,0.017787793689373402,17.7877936893734,-456.580081841931,456.580081841931,919.160163683862,931.2809278176943,True,CONVERGENCE: RELATIVE REDUCTION OF F <= FACTR*EPSMCH,33,0,0.16212540564732372,37.5316515879185,3.728784031807716,0.017919135193524595,17.919135193524596,0.18983847993165606,-456.31363019309623,456.31363019309623,920.6272603861925,936.7882792313021,True,CONVERGENCE: RELATIVE REDUCTION OF F <= FACTR*EPSMCH,107,0,0.16573809070449522,38.86919303461956,3.7209128130730122,0.021660267185899956,21.660267185899954,0.008206552953301133,8.206552953301133,-455.03830385685643,455.03830385685643,918.0766077137129,934.2376265588225,True,CONVERGENCE: RELATIVE REDUCTION OF F <= FACTR*EPSMCH,104,0,0.16689665361480444,0.26645164883478856,1.4670967023304229,5.5073514136078074,0.003612685057171494,old,old,old,1.5417779850745887,-1.0835559701491775,2.956698741128207,0.004771247967480713,t0var,old,old,-1.2753263362398002,2.5506526724796004,2.5506526724796004,-0.0011585629103092188,t0var,t0var,new,t0var,old,old,420,52,32.832923412323,25,4247902114,main
126,S06_new_strongVar,new,gamma,30,42.0,3.6,0.018,18.0,0.45,0.0,0.0,36.882907437475026,3.6573114391031956,0.01691270649775032,16.91270649775032,-491.61986028034283,491.61986028034283,989.2397205606857,1001.3604846945179,True,CONVERGENCE: RELATIVE REDUCTION OF F <= FACTR*EPSMCH,33,0,0.22540318038883245,46.0072658194037,3.5781299431330873,0.018415274298614028,18.41527429861403,0.4748888923414297,-479.65848730291054,479.65848730291054,967.3169746058211,983.4779934509307,True,CONVERGENCE: RELATIVE REDUCTION OF F <= FACTR*EPSMCH,107,0,0.16252197192223838,36.88275074344198,3.6573124942019604,0.016912404302674332,16.912404302674332,0.0001,0.1,-491.61996039768337,491.61996039768337,991.2399207953667,1007.4009396404764,True,CONVERGENCE: RELATIVE REDUCTION OF F <= FACTR*EPSMCH,104,0,0.2254025234131619,11.96137297743229,-21.92274595486458,-17.882491243587197,-0.06288120846659406,new,new,new,-0.00010011734053705368,2.000200234681074,6.040454945958459,-6.569756705598895e-07,old,old,t0var,11.961473094772828,-23.922946189545655,-23.922946189545655,-0.0628805514909235,new,new,new,new,new,new,420,56,32.95674204826355,1,1198584151,main
127,S06_new_strongVar,new,gamma,30,42.0,3.6,0.018,18.0,0.45,0.0,0.0,36.43678403711228,3.6678006548914706,0.016754328554624727,16.754328554624728,-496.8041619798614,496.8041619798614,999.6083239597228,1011.7290880935551,True,CONVERGENCE: RELATIVE REDUCTION OF F <= FACTR*EPSMCH,33,0,0.21858371299497328,46.605574744658774,3.578621414074722,0.01843316028947104,18.43316028947104,0.506101936981438,-483.2795476170844,483.2795476170844,974.5590952341688,990.7201140792785,True,CONVERGENCE: RELATIVE REDUCTION OF F <= FACTR*EPSMCH,107,0,0.16679745954931322,36.43663811282536,3.6678014573291433,0.016754041532606834,16.754041532606834,0.0001,0.1,-496.80418450610193,496.80418450610193,1001.6083690122039,1017.7693878573135,True,CONVERGENCE: RELATIVE REDUCTION OF F <= FACTR*EPSMCH,104,0,0.21858282147428673,13.524614362777015,-25.04922872555403,-21.008974014276646,-0.05178625344566007,new,new,new,-2.2526240513798257e-05,2.0000450524810276,6.040299763758412,-8.91520686552294e-07,old,old,t0var,13.524636889017529,-27.049273778035058,-27.049273778035058,-0.051785361924973516,new,new,new,new,new,new,420,55,35.92709994316101,2,2867140167,main
128,S06_new_strongVar,new,gamma,30,42.0,3.6,0.018,18.0,0.45,0.0,0.0,39.0096799000337,3.657499009809803,0.017908210252981196,17.908210252981196,-467.90678653793293,467.90678653793293,941.8135730758659,953.9343372096981,True,CONVERGENCE: RELATIVE REDUCTION OF F <= FACTR*EPSMCH,33,0,0.14096858277511926,44.020919156051775,3.6166823470376266,0.01835002657037111,18.35002657037111,0.3780894104248482,-463.6090063034491,463.6090063034491,935.2180126068982,951.3790314520079,True,CONVERGENCE: RELATIVE REDUCTION OF F <= FACTR*EPSMCH,107,0,0.14008820804730895,39.00947974835625,3.6574998640067173,0.01790785676263652,17.90785676263652,0.0001,0.1,-467.9070787151931,467.9070787151931,943.8141574303862,959.9751762754959,True,CONVERGENCE: RELATIVE REDUCTION OF F <= FACTR*EPSMCH,104,0,0.14096916592208344,4.29778023448381,-6.595560468967619,-2.5553057576902347,-0.0008803747278103013,new,new,new,-0.00029217726017805035,2.000584354520356,6.040839065797741,5.831469641892628e-07,old,old,old,4.298072411743988,-8.596144823487975,-8.596144823487975,-0.0008809578747744906,new,new,new,new,new,new,420,53,23.94214677810669,3,1119179194,main
129,S06_new_strongVar,new,gamma,30,42.0,3.6,0.018,18.0,0.45,0.0,0.0,32.92777049624492,3.742920945124788,0.018119453907433327,18.11945390743333,-505.09985141338564,505.09985141338564,1016.1997028267713,1028.3204669606034,True,CONVERGENCE: RELATIVE REDUCTION OF F <= FACTR*EPSMCH,33,0,0.19822910614610786,41.87320099074985,3.6236847567296833,0.019142817394410174,19.142817394410173,0.5424316144528091,-490.5665770861884,490.5665770861884,989.1331541723767,1005.2941730174864,True,CONVERGENCE: RELATIVE REDUCTION OF F <= FACTR*EPSMCH,107,0,0.12310056881865102,33.0995823189928,3.7411592509763287,0.018473658295222163,18.47365829522216,0.0022548717067657014,2.2548717067657016,-504.6458894038349,504.6458894038349,1017.2917788076697,1033.4527976527795,True,CONVERGENCE: RELATIVE REDUCTION OF F <= FACTR*EPSMCH,104,0,0.19989690493668236,14.533274327197262,-27.066548654394524,-23.026293943117025,-0.07512853732745685,new,new,new,0.4539620095507644,1.0920759808984712,5.132330692176083,0.0016677987905744929,old,old,old,14.079312317646497,-28.158624635292995,-28.15862463529311,-0.07679633611803134,new,new,new,new,new,new,420,56,53.87011384963989,4,3598884273,main
130,S06_new_strongVar,new,gamma,30,42.0,3.6,0.018,18.0,0.45,0.0,0.0,34.69665366040001,3.6749941016826235,0.016425415672143787,16.42541567214379,-471.75878035049635,471.75878035049635,949.5175607009927,961.638324834825,True,CONVERGENCE: RELATIVE REDUCTION OF F <= FACTR*EPSMCH,33,0,0.14281816549027504,37.325992433150546,3.6398609909852633,0.017013933614631032,17.013933614631032,0.28360390110384803,-470.5423619450893,470.5423619450893,949.0847238901786,965.2457427352882,True,CONVERGENCE: RELATIVE REDUCTION OF F <= FACTR*EPSMCH,107,0,0.14443993674373878,34.69650219121598,3.674994947901512,0.016425117863956146,16.425117863956146,0.0001,0.1,-471.7589607100831,471.7589607100831,951.5179214201662,967.6789402652759,True,CONVERGENCE: RELATIVE REDUCTION OF F <= FACTR*EPSMCH,104,0,0.14281748728043306,1.2164184054070688,-0.4328368108141376,3.607417900463247,0.001621771253463744,new,old,old,-0.00018035958675000074,2.0003607191735,6.040615430450885,-6.782098419810811e-07,old,old,t0var,1.2165987649938188,-2.4331975299876376,-2.4331975299876376,0.0016224494633057251,new,new,t0var,new,old,t0var,420,55,28.883438110351562,5,2073445251,main
131,S06_new_strongVar,new,gamma,30,42.0,3.6,0.018,18.0,0.45,0.0,0.0,31.671882824319606,3.778607549484423,0.01271056773158497,12.71056773158497,-519.9677107310988,519.9677107310988,1045.9354214621976,1058.0561855960298,True,CONVERGENCE: RELATIVE REDUCTION OF F <= FACTR*EPSMCH,33,0,0.214516314819456,42.930298381256975,3.633926367237164,0.01682217382303427,16.82217382303427,0.5485716995661559,-504.81064557001633,504.81064557001633,1017.6212911400327,1033.7823099851423,True,CONVERGENCE: RELATIVE REDUCTION OF F <= FACTR*EPSMCH,107,0,0.16445204695124763,31.51973025479994,3.7797491255200306,0.012329884219842262,12.329884219842262,0.003765009066751758,3.765009066751758,-519.8822621258176,519.8822621258176,1047.7645242516353,1063.925543096745,True,CONVERGENCE: RELATIVE REDUCTION OF F <= FACTR*EPSMCH,104,0,0.2137371860156261,15.157065161082471,-28.314130322164942,-24.273875610887444,-0.05006426786820836,new,new,new,0.08544860528115805,1.829102789437684,5.869357500715296,-0.0007791288038298816,old,old,t0var,15.071616555801313,-30.143233111602626,-30.14323311160274,-0.04928513906437848,new,new,new,new,new,new,420,59,61.874274253845215,6,2436677970,main
132,S06_new_strongVar,new,gamma,30,42.0,3.6,0.018,18.0,0.45,0.0,0.0,34.97509469356951,3.7208246584527576,0.01648464931809195,16.48464931809195,-491.6772252442257,491.6772252442257,989.3544504884514,1001.4752146222837,True,CONVERGENCE: RELATIVE REDUCTION OF F <= FACTR*EPSMCH,33,0,0.1691912781584385,40.91631217209292,3.6556295585578735,0.017559529520695474,17.559529520695474,0.42897211244252137,-485.85373702033496,485.85373702033496,979.7074740406699,995.8684928857796,True,CONVERGENCE: RELATIVE REDUCTION OF F <= FACTR*EPSMCH,107,0,0.14715484309662247,34.974935849391585,3.7208258382249157,0.0164843518337591,16.484351833759103,0.0001,0.1,-491.67731980435167,491.67731980435167,991.3546396087033,1007.515658453813,True,CONVERGENCE: RELATIVE REDUCTION OF F <= FACTR*EPSMCH,104,0,0.16919105315910224,5.823488223890763,-9.646976447781526,-5.6067217365041415,-0.022036435061816045,new,new,new,-9.456012594455387e-05,2.000189120251889,6.040443831529274,-2.2499933627351254e-07,old,old,t0var,5.823582784016708,-11.647165568033415,-11.647165568033415,-0.022036210062479772,new,new,new,new,new,new,420,55,32.828049421310425,7,910443027,main
133,S06_new_strongVar,new,gamma,30,42.0,3.6,0.018,18.0,0.45,0.0,0.0,37.78213152338416,3.5670145415045607,0.017231360549586294,17.231360549586295,-470.56485557624194,470.56485557624194,947.1297111524839,959.2504752863161,True,CONVERGENCE: RELATIVE REDUCTION OF F <= FACTR*EPSMCH,33,0,0.09997292656067615,43.620364003813634,3.5194476960060976,0.017915196181879527,17.915196181879526,0.40984752816174763,-465.4072389261686,465.4072389261686,938.8144778523372,954.9754966974468,True,CONVERGENCE: RELATIVE REDUCTION OF F <= FACTR*EPSMCH,107,0,0.10625854501073514,37.781934004497884,3.5670154563888263,0.01723102873620632,17.23102873620632,0.0001,0.1,-470.565019438043,470.565019438043,949.130038876086,965.2910577211957,True,CONVERGENCE: RELATIVE REDUCTION OF F <= FACTR*EPSMCH,104,0,0.09997308098578554,5.157616650073351,-8.315233300146701,-4.274978588869317,0.006285618450058997,new,new,old,-0.00016386180107019754,2.0003277236021404,6.040582434879525,1.544251093943405e-07,old,old,old,5.157780511874421,-10.315561023748842,-10.315561023748842,0.0062854640249496024,new,new,t0var,new,new,old,420,57,33.10487198829651,8,2609950229,main
134,S06_new_strongVar,new,gamma,30,42.0,3.6,0.018,18.0,0.45,0.0,0.0,34.21474495551487,3.7230301878022503,0.01663168118673687,16.63168118673687,-505.99539628114917,505.99539628114917,1017.9907925622983,1030.1115566961305,True,CONVERGENCE: RELATIVE REDUCTION OF F <= FACTR*EPSMCH,33,0,0.23927794923895013,44.47121067111953,3.6066970099307363,0.018367901273338046,18.367901273338045,0.5472893188207408,-492.7382529365644,492.7382529365644,993.4765058731288,1009.6375247182384,True,CONVERGENCE: RELATIVE REDUCTION OF F <= FACTR*EPSMCH,107,0,0.22311922812551271,34.330238187599555,3.7213115941973425,0.016868627503755056,16.868627503755057,0.004625990442516203,4.625990442516203,-505.5498782376809,505.5498782376809,1019.0997564753618,1035.2607753204716,True,CONVERGENCE: RELATIVE REDUCTION OF F <= FACTR*EPSMCH,104,0,0.2411558164969944,13.25714334458479,-24.51428668916958,-20.474031977892082,-0.016158721113437413,new,new,new,0.44551804346826884,1.1089639130634623,5.149218624341074,0.0018778672580442857,old,old,old,12.811625301116521,-25.623250602233043,-25.623250602233156,-0.0180365883714817,new,new,new,new,new,new,420,57,63.74865460395813,9,2128717202,main
135,S06_new_strongVar,new,gamma,30,42.0,3.6,0.018,18.0,0.45,0.0,0.0,35.41020903146878,3.495206300934495,0.01602159694738561,16.02159694738561,-463.2953222861422,463.2953222861422,932.5906445722844,944.7114087061167,True,CONVERGENCE: RELATIVE REDUCTION OF F <= FACTR*EPSMCH,33,0,0.1833586016921254,39.754091773263816,3.4537757505005198,0.01698047747647798,16.98047747647798,0.3483670676397215,-460.3196886894858,460.3196886894858,928.6393773789716,944.8003962240813,True,CONVERGENCE: RELATIVE REDUCTION OF F <= FACTR*EPSMCH,107,0,0.17076804079624172,35.54796852910621,3.4940429697044277,0.01623436423823554,16.23436423823554,0.003335413990753535,3.3354139907535347,-463.13976406536193,463.13976406536193,934.2795281307239,950.4405469758335,True,CONVERGENCE: RELATIVE REDUCTION OF F <= FACTR*EPSMCH,104,0,0.1839091973724519,2.975633596656394,-3.9512671933127876,0.08898751796459692,-0.012590560895883673,new,old,new,0.1555582207802786,1.6888835584394428,5.729138269716827,0.0005505956803265044,old,old,old,2.8200753758761152,-5.6401507517522305,-5.6401507517522305,-0.013141156576210178,new,new,new,new,old,new,420,54,53.07037377357483,10,3060671820,main
136,S06_new_strongVar,new,gamma,30,42.0,3.6,0.018,18.0,0.45,0.0,0.0,33.97696059954103,3.7128343586808725,0.014179399820344708,14.179399820344708,-502.09335639975484,502.09335639975484,1010.1867127995097,1022.307476933342,True,CONVERGENCE: RELATIVE REDUCTION OF F <= FACTR*EPSMCH,33,0,0.18860384485169743,40.44708834518669,3.645462919663764,0.016414286541557847,16.414286541557846,0.41704481555422546,-496.160321722625,496.160321722625,1000.32064344525,1016.4816622903596,True,CONVERGENCE: RELATIVE REDUCTION OF F <= FACTR*EPSMCH,107,0,0.15140576504283318,33.91281542173681,3.7132023738315145,0.014035416198323995,14.035416198323995,0.0023911666047492642,2.391166604749264,-502.08240667780734,502.08240667780734,1012.1648133556147,1028.3258322007243,True,CONVERGENCE: RELATIVE REDUCTION OF F <= FACTR*EPSMCH,104,0,0.18828481331629632,5.933034677129854,-9.866069354259707,-5.825814642982323,-0.03719807980886425,new,new,new,0.010949721947497437,1.9781005561050051,6.01835526738239,-0.00031903153540110973,old,old,t0var,5.922084955182356,-11.844169910364712,-11.844169910364712,-0.03687904827346314,new,new,new,new,new,new,420,56,54.686734199523926,11,1057684339,main
137,S06_new_strongVar,new,gamma,30,42.0,3.6,0.018,18.0,0.45,0.0,0.0,35.38125449630338,3.6892108843961053,0.01582921521988436,15.829215219884361,-486.4975729350823,486.4975729350823,978.9951458701646,991.1159100039969,True,CONVERGENCE: RELATIVE REDUCTION OF F <= FACTR*EPSMCH,33,0,0.2261175959368506,40.76296895386719,3.6232385094359083,0.01714111903170855,17.14111903170855,0.3830895913316637,-482.60709815513934,482.60709815513934,973.2141963102787,989.3752151553883,True,CONVERGENCE: RELATIVE REDUCTION OF F <= FACTR*EPSMCH,107,0,0.21108367719484825,35.3412576005653,3.689407487039945,0.01574801146163251,15.74801146163251,0.0017046032758746908,1.7046032758746907,-486.4884026289824,486.4884026289824,980.9768052579648,997.1378241030744,True,CONVERGENCE: RELATIVE REDUCTION OF F <= FACTR*EPSMCH,104,0,0.22600185675721896,3.890474779942963,-5.780949559885926,-1.7406948486085412,-0.015033918742002356,new,new,new,0.00917030609991798,1.981659387800164,6.021914099077549,-0.00011573917963164648,old,old,t0var,3.881304473843045,-7.76260894768609,-7.76260894768609,-0.01491817956237071,new,new,new,new,new,new,420,53,45.83409523963928,12,2615040041,main
138,S06_new_strongVar,new,gamma,30,42.0,3.6,0.018,18.0,0.45,0.0,0.0,34.63199390908591,3.617394524875199,0.016527793983288214,16.527793983288213,-489.03373282013763,489.03373282013763,984.0674656402753,996.1882297741075,True,CONVERGENCE: RELATIVE REDUCTION OF F <= FACTR*EPSMCH,33,0,0.14634505783591095,40.062552095526,3.560150758360708,0.017653318032944728,17.65331803294473,0.40289630076522587,-484.4801322584273,484.4801322584273,976.9602645168546,993.1212833619643,True,CONVERGENCE: RELATIVE REDUCTION OF F <= FACTR*EPSMCH,107,0,0.11841246166375557,34.581653271828564,3.6176776681064995,0.01642880434933084,16.42880434933084,0.0017529833566629284,1.7529833566629285,-489.0109975250126,489.0109975250126,986.0219950500252,1002.1830138951349,True,CONVERGENCE: RELATIVE REDUCTION OF F <= FACTR*EPSMCH,104,0,0.1460981701741648,4.5536005617103115,-7.107201123420623,-3.0669464121432384,-0.027932596172155377,new,new,new,0.02273529512501682,1.9545294097499664,5.994784121027351,-0.00024688766174615906,old,old,t0var,4.530865266585295,-9.06173053317059,-9.06173053317059,-0.027685708510409218,new,new,new,new,new,new,420,56,52.13621807098389,13,3601255569,main
139,S06_new_strongVar,new,gamma,30,42.0,3.6,0.018,18.0,0.45,0.0,0.0,35.33754833091676,3.602667591875469,0.015210841278558533,15.210841278558533,-481.772789013453,481.772789013453,969.545578026906,981.6663421607383,True,CONVERGENCE: RELATIVE REDUCTION OF F <= FACTR*EPSMCH,33,0,0.14707434470055464,39.5291276702903,3.5606189287757206,0.016305456073223902,16.3054560732239,0.3475106209206509,-479.03371074996426,479.03371074996426,966.0674214999285,982.2284403450382,True,CONVERGENCE: RELATIVE REDUCTION OF F <= FACTR*EPSMCH,107,0,0.13945365055192324,35.59349245920207,3.599630519721507,0.015623287647313468,15.623287647313468,0.0064657378549957,6.4657378549957,-481.4292695843401,481.4292695843401,970.8585391686802,987.0195580137898,True,CONVERGENCE: RELATIVE REDUCTION OF F <= FACTR*EPSMCH,104,0,0.15000539923801914,2.73907826348875,-3.4781565269775,0.5620981842998845,-0.007620694148631396,new,old,new,0.34351942911291644,1.3129611417741671,5.353215853051552,0.002931054537464506,old,old,old,2.3955588343758336,-4.791117668751667,-4.791117668751667,-0.010551748686095902,new,new,new,new,old,new,420,55,52.402905225753784,14,2007284218,main
140,S06_new_strongVar,new,gamma,30,42.0,3.6,0.018,18.0,0.45,0.0,0.0,34.2030514154884,3.6689455512929388,0.0161533976675201,16.153397667520103,-497.3541207734207,497.3541207734207,1000.7082415468414,1012.8290056806736,True,CONVERGENCE: RELATIVE REDUCTION OF F <= FACTR*EPSMCH,33,0,0.17868890212763608,41.11836932969722,3.5947883785003283,0.017518749705105082,17.518749705105083,0.4644866664055151,-489.76585981605706,489.76585981605706,987.5317196321141,1003.6927384772238,True,CONVERGENCE: RELATIVE REDUCTION OF F <= FACTR*EPSMCH,107,0,0.1422474906387395,35.014159146629225,3.6596309985189173,0.017686877996240767,17.686877996240767,0.010255111549850903,10.255111549850904,-496.6471526838676,496.6471526838676,1001.2943053677352,1017.4553242128449,True,CONVERGENCE: RELATIVE REDUCTION OF F <= FACTR*EPSMCH,104,0,0.188088359895047,7.588260957363616,-13.176521914727232,-9.136267203449847,-0.03644141148889657,new,new,new,0.7069680895530723,0.5860638208938553,4.62631853217124,0.009399457767410913,old,old,old,6.881292867810544,-13.762585735621087,-13.762585735621087,-0.04584086925630748,new,new,new,new,new,new,420,57,56.78848361968994,15,773654992,main
141,S06_new_strongVar,new,gamma,30,42.0,3.6,0.018,18.0,0.45,0.0,0.0,34.88593564900132,3.7959568495195533,0.018848353350695974,18.848353350695973,-480.6796818515675,480.6796818515675,967.359363703135,979.4801278369673,True,CONVERGENCE: RELATIVE REDUCTION OF F <= FACTR*EPSMCH,33,0,0.24410029158913488,40.16907374771943,3.7232272422565975,0.01920615286543891,19.20615286543891,0.42231831814072496,-474.5863629675738,474.5863629675738,957.1727259351476,973.3337447802572,True,CONVERGENCE: RELATIVE REDUCTION OF F <= FACTR*EPSMCH,107,0,0.21524890521824983,34.885778512263386,3.795958129721323,0.01884805398321075,18.84805398321075,0.0001,0.1,-480.6796988179578,480.6796988179578,969.3593976359156,985.5204164810252,True,CONVERGENCE: RELATIVE REDUCTION OF F <= FACTR*EPSMCH,104,0,0.24410026866499845,6.093318883993732,-10.186637767987463,-6.146383056710079,-0.02885138637088505,new,new,new,-1.6966390262496134e-05,2.000033932780525,6.0402886440579096,-2.292413642246416e-08,old,old,t0var,6.093335850383994,-12.186671700767988,-12.186671700767988,-0.02885136344674863,new,new,new,new,new,new,420,54,35.745850563049316,16,312730420,main
142,S06_new_strongVar,new,gamma,30,42.0,3.6,0.018,18.0,0.45,0.0,0.0,36.12331905029959,3.6710270191824477,0.018090838366669984,18.090838366669985,-490.53886956301426,490.53886956301426,987.0777391260285,999.1985032598608,True,CONVERGENCE: RELATIVE REDUCTION OF F <= FACTR*EPSMCH,33,0,0.18300458343530035,44.35360069144192,3.59427514386664,0.01888316464663424,18.88316464663424,0.49041118134617795,-479.6742705423666,479.6742705423666,967.3485410847333,983.5095599298429,True,CONVERGENCE: RELATIVE REDUCTION OF F <= FACTR*EPSMCH,107,0,0.1448254000552859,36.112702313375735,3.671091793341094,0.01807104590540332,18.07104590540332,0.0007733113457999969,0.7733113457999968,-490.53618706088366,490.53618706088366,989.0723741217673,1005.233392966877,True,CONVERGENCE: RELATIVE REDUCTION OF F <= FACTR*EPSMCH,104,0,0.18299631925776563,10.864599020647631,-19.729198041295263,-15.688943330017878,-0.03817918338001444,new,new,new,0.002682502130596731,1.9946349957388065,6.034889707016191,-8.264177534716977e-06,old,old,t0var,10.861916518517035,-21.72383303703407,-21.72383303703407,-0.038170919202479725,new,new,new,new,new,new,420,55,48.5579137802124,17,3702933075,main
143,S06_new_strongVar,new,gamma,30,42.0,3.6,0.018,18.0,0.45,0.0,0.0,34.02010818455085,3.7094425246852305,0.016835156232710917,16.83515623271092,-485.45415462196746,485.45415462196746,976.9083092439349,989.0290733777672,True,CONVERGENCE: RELATIVE REDUCTION OF F <= FACTR*EPSMCH,33,0,0.12783805425493305,39.426387979112064,3.6444954644818774,0.01783581463987201,17.835814639872012,0.4100226051830436,-479.6231192209359,479.6231192209359,967.2462384418718,983.4072572869815,True,CONVERGENCE: RELATIVE REDUCTION OF F <= FACTR*EPSMCH,107,0,0.08434595435067109,34.01996149854899,3.7094436110649016,0.01683486275062285,16.83486275062285,0.0001,0.1,-485.4542931694583,485.4542931694583,978.9085863389166,995.0696051840263,True,CONVERGENCE: RELATIVE REDUCTION OF F <= FACTR*EPSMCH,104,0,0.1278373974631007,5.831035401031556,-9.662070802063113,-5.621816090785728,-0.04349209990426196,new,new,new,-0.00013854749084885043,2.0002770949816977,6.040531806259082,-6.567918323652222e-07,old,old,t0var,5.831173948522405,-11.66234789704481,-11.66234789704481,-0.0434914431124296,new,new,new,new,new,new,420,55,28.596667051315308,18,2169113577,main
144,S06_new_strongVar,new,gamma,30,42.0,3.6,0.018,18.0,0.45,0.0,0.0,35.118260964076676,3.6467863143827324,0.01656943337901994,16.569433379019937,-490.4431423816766,490.4431423816766,986.8862847633532,999.0070488971854,True,CONVERGENCE: RELATIVE REDUCTION OF F <= FACTR*EPSMCH,33,0,0.24427755268433307,42.33234819892335,3.5737081954124994,0.01777334397316867,17.77334397316867,0.4623094576422068,-481.60473520976893,481.60473520976893,971.2094704195379,987.3704892646475,True,CONVERGENCE: RELATIVE REDUCTION OF F <= FACTR*EPSMCH,107,0,0.21054960703046646,35.11812107846722,3.6467868622005266,0.01656914244281816,16.56914244281816,0.0001,0.1,-490.44317052344627,490.44317052344627,988.8863410468925,1005.0473598920022,True,CONVERGENCE: RELATIVE REDUCTION OF F <= FACTR*EPSMCH,104,0,0.2442774841797657,8.838407171907647,-15.676814343815295,-11.63655963253791,-0.03372794565386661,new,new,new,-2.8141769689682405e-05,2.0000562835393794,6.040310994816764,-6.850456737983457e-08,old,old,t0var,8.838435313677337,-17.676870627354674,-17.676870627354674,-0.03372787714929923,new,new,new,new,new,new,420,55,36.097830057144165,19,765790283,main
145,S06_new_strongVar,new,gamma,30,42.0,3.6,0.018,18.0,0.45,0.0,0.0,36.647387725479604,3.618573127177526,0.018702134660135813,18.702134660135812,-482.89820116844504,482.89820116844504,971.7964023368901,983.9171664707223,True,CONVERGENCE: RELATIVE REDUCTION OF F <= FACTR*EPSMCH,33,0,0.1884213125083301,44.65854045470735,3.549592182313841,0.019244740265562124,19.244740265562125,0.4890881980474623,-473.00364225688935,473.00364225688935,954.0072845137787,970.1683033588884,True,CONVERGENCE: RELATIVE REDUCTION OF F <= FACTR*EPSMCH,107,0,0.1556279297005348,36.64464246813913,3.618584847801052,0.018697128408946388,18.697128408946387,0.0003812007607827711,0.3812007607827711,-482.89797104912475,482.89797104912475,973.7959420982495,989.9569609433591,True,CONVERGENCE: RELATIVE REDUCTION OF F <= FACTR*EPSMCH,104,0,0.18840677966190836,9.894558911555691,-17.789117823111383,-13.748863111833998,-0.03279338280779531,new,new,new,0.00023011932029248783,1.999539761359415,6.0397944726368,-1.453284642174979e-05,old,old,t0var,9.894328792235399,-19.788657584470798,-19.788657584470798,-0.03277884996137356,new,new,new,new,new,new,420,56,41.10146522521973,20,1261792404,main
146,S06_new_strongVar,new,gamma,30,42.0,3.6,0.018,18.0,0.45,0.0,0.0,34.89976226919612,3.5661520934562243,0.015813684995724157,15.813684995724158,-481.62578410883725,481.62578410883725,969.2515682176745,981.3723323515068,True,CONVERGENCE: RELATIVE REDUCTION OF F <= FACTR*EPSMCH,33,0,0.15358005283790924,40.43202562734948,3.5111645239577056,0.017033998532620116,17.033998532620117,0.399012631766065,-477.0512948153343,477.0512948153343,962.1025896306686,978.2636084757783,True,CONVERGENCE: RELATIVE REDUCTION OF F <= FACTR*EPSMCH,107,0,0.13979329683667382,34.8996184735046,3.5661525874130366,0.015813386766979538,15.813386766979537,0.0001,0.1,-481.62597221205357,481.62597221205357,971.2519444241071,987.4129632692168,True,CONVERGENCE: RELATIVE REDUCTION OF F <= FACTR*EPSMCH,104,0,0.15357983028676347,4.57448929350295,-7.1489785870058995,-3.108723875728515,-0.013786756001235412,new,new,new,-0.00018810321631690385,2.000376206432634,6.040630917710018,-2.2255114576208435e-07,old,old,t0var,4.574677396719267,-9.149354793438533,-9.149354793438533,-0.01378653345008965,new,new,new,new,new,new,420,53,24.400991916656494,21,3223507524,main
147,S06_new_strongVar,new,gamma,30,42.0,3.6,0.018,18.0,0.45,0.0,0.0,35.99551031355695,3.6234399015017265,0.017659883029668425,17.659883029668425,-472.82376791236584,472.82376791236584,951.6475358247317,963.768299958564,True,CONVERGENCE: NORM OF PROJECTED GRADIENT <= PGTOL,33,0,0.16731396064182125,41.41717804229656,3.5698583609011973,0.018252317157031905,18.252317157031904,0.41008892512281053,-467.1831320995937,467.1831320995937,942.3662641991874,958.5272830442971,True,CONVERGENCE: RELATIVE REDUCTION OF F <= FACTR*EPSMCH,107,0,0.1604764583274024,35.99533677445646,3.6234408079591764,0.017659563712984126,17.659563712984127,0.0001,0.1,-472.8240062933978,472.8240062933978,953.6480125867956,969.8090314319053,True,CONVERGENCE: RELATIVE REDUCTION OF F <= FACTR*EPSMCH,104,0,0.16731480936762846,5.640635812772132,-9.281271625544264,-5.241016914266879,-0.006837502314418847,new,new,new,-0.00023838103197704186,2.000476762063954,6.040731473341339,8.487258072176207e-07,old,old,old,5.640874193804109,-11.281748387608218,-11.281748387608218,-0.006838351040226065,new,new,new,new,new,new,420,53,30.697859287261963,22,1591675405,main
148,S06_new_strongVar,new,gamma,30,42.0,3.6,0.018,18.0,0.45,0.0,0.0,36.97728025489434,3.7017128867367846,0.016132300337017028,16.13230033701703,-481.90996599554313,481.90996599554313,969.8199319910863,981.9406961249185,True,CONVERGENCE: RELATIVE REDUCTION OF F <= FACTR*EPSMCH,33,0,0.12407869976830227,42.23928245461882,3.65032706782304,0.017040756185451342,17.040756185451343,0.38878436209371464,-477.31954729692274,477.31954729692274,962.6390945938455,978.8001134389551,True,CONVERGENCE: RELATIVE REDUCTION OF F <= FACTR*EPSMCH,107,0,0.12524964818435086,38.50732331170699,3.6870447443298806,0.01852548821262094,18.525488212620942,0.01177137632930111,11.77137632930111,-481.44580571365634,481.44580571365634,970.8916114273127,987.0526302724223,True,CONVERGENCE: RELATIVE REDUCTION OF F <= FACTR*EPSMCH,104,0,0.1329036857765977,4.590418698620397,-7.1808373972407935,-3.140582685963409,0.0011709484160485895,new,new,old,0.4641602818867909,1.0716794362264181,5.111934147503803,0.008824986008295427,old,old,old,4.126258416733606,-8.252516833467212,-8.252516833467212,-0.007654037592246837,new,new,new,new,new,old,420,56,29.622885704040527,23,2624742147,main
149,S06_new_strongVar,new,gamma,30,42.0,3.6,0.018,18.0,0.45,0.0,0.0,33.77499292589758,3.6145155084316634,0.014305599999717046,14.305599999717046,-510.86297720122127,510.86297720122127,1027.7259544024425,1039.8467185362747,True,CONVERGENCE: RELATIVE REDUCTION OF F <= FACTR*EPSMCH,33,0,0.23708022836614087,45.323674462601545,3.504920905514851,0.017468493953803847,17.468493953803847,0.5499112651987059,-496.7751340038452,496.7751340038452,1001.5502680076904,1017.7112868528001,True,CONVERGENCE: RELATIVE REDUCTION OF F <= FACTR*EPSMCH,107,0,0.1976975219119782,33.599831676778635,3.614661946638321,0.013904346387679985,13.904346387679984,0.005399289471656813,5.399289471656814,-510.4083271667238,510.4083271667238,1028.8166543334476,1044.9776731785573,True,CONVERGENCE: RELATIVE REDUCTION OF F <= FACTR*EPSMCH,104,0,0.23683198632839544,14.08784319737606,-26.17568639475212,-22.13543168347462,-0.03938270645416267,new,new,new,0.4546500344974902,1.0906999310050196,5.1309546422826315,-0.0002482420377454275,old,old,t0var,13.63319316287857,-27.26638632575714,-27.266386325757253,-0.03913446441641724,new,new,new,new,new,new,420,57,55.234235763549805,24,3487970182,main
150,S06_new_strongVar,new,gamma,30,42.0,3.6,0.018,18.0,0.45,0.0,0.0,37.69763606875369,3.6949660559377087,0.018031256399759527,18.031256399759528,-485.78031342847726,485.78031342847726,977.5606268569545,989.6813909907868,True,CONVERGENCE: RELATIVE REDUCTION OF F <= FACTR*EPSMCH,33,0,0.15808863671349208,46.598420189150175,3.6146813391362147,0.018737206172081865,18.737206172081866,0.5039527204656841,-474.2228550359775,474.2228550359775,956.445710071955,972.6067289170646,True,CONVERGENCE: RELATIVE REDUCTION OF F <= FACTR*EPSMCH,107,0,0.14132915606766056,37.69744998780103,3.6949672353128276,0.018030928735887707,18.030928735887706,0.0001,0.1,-485.78038111634925,485.78038111634925,979.5607622326985,995.7217810778081,True,CONVERGENCE: RELATIVE REDUCTION OF F <= FACTR*EPSMCH,104,0,0.15808890566637368,11.557458392499768,-21.114916784999537,-17.074662073722152,-0.01675948064583152,new,new,new,-6.76878719900742e-05,2.00013537574398,6.040390087021365,2.6895288160466713e-07,old,old,old,11.557526080371758,-23.115052160743517,-23.115052160743517,-0.016759749598713125,new,new,new,new,new,new,420,56,36.40510296821594,25,898314033,main
151,S07_t0var_moderate,t0var,gamma,30,42.0,3.6,0.018,18.0,0.0,0.01,10.0,37.484800567801024,3.5838738293292454,0.012412205832716107,12.412205832716108,-464.68116828628627,464.68116828628627,935.3623365725725,947.4831007064048,True,CONVERGENCE: RELATIVE REDUCTION OF F <= FACTR*EPSMCH,33,0,0.19487508555890476,37.484767375720914,3.583872768222795,0.012412239691449476,12.412239691449477,0.0001,-464.6811683479483,464.6811683479483,937.3623366958966,953.5233555410063,True,CONVERGENCE: RELATIVE REDUCTION OF F <= FACTR*EPSMCH,107,0,0.19487514705885464,38.204764392862565,3.5773206683819025,0.013374486624863695,13.374486624863696,0.007592354192649865,7.592354192649864,-463.80553356758145,463.80553356758145,935.6110671351629,951.7720859802725,True,CONVERGENCE: RELATIVE REDUCTION OF F <= FACTR*EPSMCH,104,0,0.19426373997955834,-6.166203547763871e-08,2.000000123324071,6.0402548346014555,6.149994988269292e-08,old,old,old,0.8756347187048164,0.2487305625903673,4.288985273867752,-0.0006113455793464173,old,old,t0var,-0.8756347803668518,1.7512695607337037,1.7512695607337037,0.0006114070792963,t0var,t0var,t0var,old,old,t0var,420,54,24.73071837425232,1,3693240280,main
152,S07_t0var_moderate,t0var,gamma,30,42.0,3.6,0.018,18.0,0.0,0.01,10.0,36.01674249614238,3.6954580231949063,0.01320722475634573,13.20722475634573,-478.44528068607707,478.44528068607707,962.8905613721541,975.0113255059864,True,CONVERGENCE: RELATIVE REDUCTION OF F <= FACTR*EPSMCH,33,0,0.1560604801144773,38.25486403870851,3.669295298830744,0.01385564162774582,13.85564162774582,0.2515845975130112,-477.4970922422923,477.4970922422923,962.9941844845846,979.1552033296942,True,CONVERGENCE: RELATIVE REDUCTION OF F <= FACTR*EPSMCH,107,0,0.15895370160030117,36.01667803550123,3.69545816048386,0.01320706828988955,13.20706828988955,0.0001,0.1,-478.44546445814194,478.44546445814194,964.8909289162839,981.0519477613935,True,CONVERGENCE: RELATIVE REDUCTION OF F <= FACTR*EPSMCH,104,0,0.15606097127549032,0.9481884437847725,0.10362311243045497,4.1438778237078395,0.0028932214858238825,old,old,old,-0.0001837720648723007,2.0003675441297446,6.040622255407129,4.911610130275967e-07,old,old,old,0.9483722158496448,-1.8967444316992896,-1.8967444316992896,0.002892730324810855,new,new,t0var,old,old,old,420,53,26.210997104644775,2,3263627196,main
153,S07_t0var_moderate,t0var,gamma,30,42.0,3.6,0.018,18.0,0.0,0.01,10.0,39.94632862906569,3.619515762807169,0.017594367243128982,17.594367243128982,-437.4991216073124,437.4991216073124,880.9982432146248,893.1190073484571,True,CONVERGENCE: RELATIVE REDUCTION OF F <= FACTR*EPSMCH,33,0,0.12818196160639708,39.94631157631647,3.6195155011095954,0.017594362627942586,17.594362627942587,0.0001,-437.4991217322411,437.4991217322411,882.9982434644822,899.1592623095919,True,CONVERGENCE: RELATIVE REDUCTION OF F <= FACTR*EPSMCH,107,0,0.12818195148332567,39.94607712181388,3.6195171716841243,0.01759400887424086,17.59400887424086,0.0001,0.1,-437.49946078151396,437.49946078151396,882.9989215630279,899.1599404081376,True,CONVERGENCE: RELATIVE REDUCTION OF F <= FACTR*EPSMCH,104,0,0.1281822188594542,-1.2492870382629917e-07,2.0000002498574077,6.040254961134792,-1.0123071408907336e-08,old,old,new,-0.00033917420154239153,2.000678348403085,6.040933059680469,2.5725305710655455e-07,old,old,old,0.00033904927283856523,-0.0006780985456771305,-0.0006780985456771305,-2.673761285154619e-07,new,new,new,old,old,new,420,47,22.49239945411682,3,1437882509,main
154,S07_t0var_moderate,t0var,gamma,30,42.0,3.6,0.018,18.0,0.0,0.01,10.0,39.367303864349324,3.6847950838067622,0.015743080135389158,15.743080135389159,-454.12316761374194,454.12316761374194,914.2463352274839,926.3670993613161,True,CONVERGENCE: RELATIVE REDUCTION OF F <= FACTR*EPSMCH,33,0,0.20850892276836036,39.3673006576549,3.684794929213959,0.015743080497493952,15.743080497493953,0.0001,-454.12316767333203,454.12316767333203,916.2463353466641,932.4073541917737,True,CONVERGENCE: RELATIVE REDUCTION OF F <= FACTR*EPSMCH,107,0,0.20850891507264407,41.37198450346526,3.668519405849117,0.01846533175812147,18.46533175812147,0.00901936093327746,9.01936093327746,-452.77605523369505,452.77605523369505,913.5521104673901,929.7131293124997,True,CONVERGENCE: RELATIVE REDUCTION OF F <= FACTR*EPSMCH,104,0,0.20447485992211034,-5.959009286016226e-08,2.0000001191801857,6.04025483045757,-7.695716286448828e-09,old,old,new,1.3471123800468945,-0.694224760093789,3.3460299511835956,-0.004034062846250019,t0var,old,t0var,-1.3471124396369873,2.6942248792739747,2.6942248792739747,0.004034055150533733,t0var,t0var,t0var,t0var,old,t0var,420,51,28.051555156707764,4,1070565993,main
155,S07_t0var_moderate,t0var,gamma,30,42.0,3.6,0.018,18.0,0.0,0.01,10.0,38.7123468263532,3.6129489478398065,0.015290760995846139,15.290760995846139,-458.9413189321947,458.9413189321947,923.8826378643894,936.0034019982216,True,CONVERGENCE: RELATIVE REDUCTION OF F <= FACTR*EPSMCH,33,0,0.08931487671891175,39.13478070700102,3.6087748159801154,0.015379171819889913,15.379171819889914,0.11012618832217322,-458.9125441997375,458.9125441997375,925.825088399475,941.9861072445847,True,CONVERGENCE: RELATIVE REDUCTION OF F <= FACTR*EPSMCH,107,0,0.09149504675161424,42.12485973962586,3.587474232168879,0.019919089913776455,19.919089913776453,0.013436890891606252,13.436890891606252,-455.7477511869485,455.7477511869485,919.495502373897,935.6565212190067,True,CONVERGENCE: RELATIVE REDUCTION OF F <= FACTR*EPSMCH,104,0,0.07476026243658182,0.028774732457179653,1.9424505350856407,5.982705246363025,0.0021801700327024887,old,old,old,3.1935677452461846,-4.387135490492369,-0.3468807792149846,-0.01455461428232993,t0var,t0var,t0var,-3.164793012789005,6.32958602557801,6.32958602557801,0.01673478431503242,t0var,t0var,t0var,t0var,t0var,t0var,420,53,30.716251850128174,5,1478946054,main
156,S07_t0var_moderate,t0var,gamma,30,42.0,3.6,0.018,18.0,0.0,0.01,10.0,43.36284143096923,3.6070315615722777,0.016316861268823025,16.316861268823025,-438.48555831169193,438.48555831169193,882.9711166233839,895.0918807572161,True,CONVERGENCE: RELATIVE REDUCTION OF F <= FACTR*EPSMCH,33,0,0.07531870463831235,43.36284979075725,3.607031599347041,0.016316864831991094,16.316864831991094,0.0001,-438.4855585704394,438.4855585704394,884.9711171408788,901.1321359859885,True,CONVERGENCE: RELATIVE REDUCTION OF F <= FACTR*EPSMCH,107,0,0.0753187265869602,45.074558881027585,3.597332415868193,0.018373959261095325,18.373959261095326,0.007209000195750838,7.209000195750838,-437.2490530017831,437.2490530017831,882.4981060035662,898.6591248486759,True,CONVERGENCE: RELATIVE REDUCTION OF F <= FACTR*EPSMCH,104,0,0.07427693969268268,-2.5874749098875327e-07,2.000000517494982,6.0402552287723665,2.194864785753925e-08,old,old,old,1.2365053099088072,-0.4730106198176145,3.56724409145977,-0.0010417649456296724,t0var,old,t0var,-1.2365055686562982,2.4730111373125965,2.4730111373125965,0.00104178689427753,t0var,t0var,t0var,t0var,old,t0var,420,51,48.013713121414185,6,367527789,main
157,S07_t0var_moderate,t0var,gamma,30,42.0,3.6,0.018,18.0,0.0,0.01,10.0,38.82971478164374,3.701452364386519,0.013779985984678958,13.779985984678959,-477.8985765612542,477.8985765612542,961.7971531225083,973.9179172563406,True,CONVERGENCE: RELATIVE REDUCTION OF F <= FACTR*EPSMCH,33,0,0.17831093830523398,39.94490806967168,3.691957303769569,0.01401655174444124,14.016551744441239,0.1856986452975761,-477.69268530031843,477.69268530031843,963.3853706006369,979.5463894457465,True,CONVERGENCE: RELATIVE REDUCTION OF F <= FACTR*EPSMCH,107,0,0.18375293924473718,46.19137536089515,3.64817217850057,0.022761551694596097,22.761551694596097,0.01889710036108558,18.89710036108558,-466.941457266993,466.941457266993,941.882914533986,958.0439333790956,True,CONVERGENCE: RELATIVE REDUCTION OF F <= FACTR*EPSMCH,104,0,0.14438058223236555,0.2058912609357435,1.588217478128513,5.6284721894058976,0.0054420009395032,old,old,old,10.95711929426119,-19.91423858852238,-15.873983877244996,-0.03393035607286843,t0var,t0var,t0var,-10.751228033325447,21.502456066650893,21.502456066650893,0.03937235701237163,t0var,t0var,t0var,t0var,t0var,t0var,420,53,24.765565633773804,7,1843202851,main
158,S07_t0var_moderate,t0var,gamma,30,42.0,3.6,0.018,18.0,0.0,0.01,10.0,41.12561715443036,3.65430061279993,0.014303938899423765,14.303938899423764,-451.97706045217376,451.97706045217376,909.9541209043475,922.0748850381798,True,CONVERGENCE: RELATIVE REDUCTION OF F <= FACTR*EPSMCH,33,0,0.20214601696148235,41.125641750751,3.654300841932028,0.014303957392584174,14.303957392584174,0.0001,-451.9770606203697,451.9770606203697,911.9541212407394,928.115140085849,True,CONVERGENCE: RELATIVE REDUCTION OF F <= FACTR*EPSMCH,107,0,0.20214604578006906,41.69788193147971,3.649791796931107,0.0149765119859709,14.9765119859709,0.005354533919305891,5.354533919305891,-451.2978098569979,451.2978098569979,910.5956197139958,926.7566385591055,True,CONVERGENCE: RELATIVE REDUCTION OF F <= FACTR*EPSMCH,104,0,0.20257590361910055,-1.681959247434861e-07,2.0000003363918495,6.040255047669234,2.8818586711443217e-08,old,old,old,0.6792505951758585,0.641498809648283,4.6817535209256675,0.00042988665761820033,old,old,old,-0.6792507633717833,1.3585015267435665,1.3585015267435665,-0.0004298578390314889,t0var,t0var,new,old,old,old,420,48,26.60841131210327,8,2654533408,main
159,S07_t0var_moderate,t0var,gamma,30,42.0,3.6,0.018,18.0,0.0,0.01,10.0,41.18887687601728,3.580459606029745,0.014856223428397803,14.856223428397803,-457.2216034884892,457.2216034884892,920.4432069769784,932.5639711108107,True,CONVERGENCE: RELATIVE REDUCTION OF F <= FACTR*EPSMCH,33,0,0.13644372870073948,42.19442222903353,3.573702211983669,0.015064887247245374,15.064887247245375,0.15973540891536675,-457.0726992057254,457.0726992057254,922.1453984114509,938.3064172565605,True,CONVERGENCE: RELATIVE REDUCTION OF F <= FACTR*EPSMCH,107,0,0.1383083091625228,41.72955926440045,3.5768894366685053,0.015498564518348811,15.498564518348811,0.00532982990081899,5.32982990081899,-456.977682200699,456.977682200699,921.955364401398,938.1163832465077,True,CONVERGENCE: RELATIVE REDUCTION OF F <= FACTR*EPSMCH,104,0,0.1341618209988821,0.14890428276379453,1.702191434472411,5.7424461457497955,0.0018645804617833106,old,old,old,0.24392128779021505,1.51215742441957,5.5524121356969545,-0.0022819077018573775,old,old,t0var,-0.09501700502642052,0.19003401005284104,0.19003401005284104,0.004146488163640688,t0var,t0var,t0var,old,old,t0var,420,50,23.970909357070923,9,3313925213,main
160,S07_t0var_moderate,t0var,gamma,30,42.0,3.6,0.018,18.0,0.0,0.01,10.0,39.84141605798494,3.663348988953579,0.014550820475574927,14.550820475574927,-473.10385182861955,473.10385182861955,952.2077036572391,964.3284677910714,True,CONVERGENCE: RELATIVE REDUCTION OF F <= FACTR*EPSMCH,33,0,0.15315282973769126,41.09698920343316,3.6535611778769748,0.014902277959690895,14.902277959690895,0.17642869253072777,-472.89440841101,472.89440841101,953.78881682202,969.9498356671296,True,CONVERGENCE: RELATIVE REDUCTION OF F <= FACTR*EPSMCH,107,0,0.1530164223941565,40.683110047126014,3.655924915964288,0.015666776731575925,15.666776731575926,0.009295519918799944,9.295519918799945,-471.8494815162677,471.8494815162677,951.6989630325354,967.859981877645,True,CONVERGENCE: RELATIVE REDUCTION OF F <= FACTR*EPSMCH,104,0,0.1591871129359905,0.2094434176095774,1.5811131647808452,5.62136787605823,-0.00013640734353476125,old,old,new,1.2543703123518526,-0.5087406247037052,3.5315140865736794,0.0060342831982992395,t0var,old,old,-1.0449268947422752,2.0898537894845504,2.0898537894845504,-0.006170690541834001,t0var,t0var,new,t0var,old,new,420,55,34.2364616394043,10,2306261419,main
161,S07_t0var_moderate,t0var,gamma,30,42.0,3.6,0.018,18.0,0.0,0.01,10.0,37.599724081306114,3.591416832207832,0.013525985938332296,13.525985938332296,-487.05360377157916,487.05360377157916,980.1072075431583,992.2279716769906,True,CONVERGENCE: RELATIVE REDUCTION OF F <= FACTR*EPSMCH,33,0,0.10353094587203901,41.69396145650202,3.556559331287702,0.014595277533952154,14.595277533952153,0.33567232548824305,-485.1386597217642,485.1386597217642,978.2773194435284,994.4383382886381,True,CONVERGENCE: RELATIVE REDUCTION OF F <= FACTR*EPSMCH,107,0,0.104242064728499,39.931273494588055,3.5693279851280413,0.016590890743307586,16.590890743307586,0.017320626297531495,17.320626297531494,-483.2109205069939,483.2109205069939,974.4218410139878,990.5828598590974,True,CONVERGENCE: RELATIVE REDUCTION OF F <= FACTR*EPSMCH,104,0,0.11761873225029279,1.9149440498149488,-1.8298880996298976,2.210366611647487,0.0007111188564599968,new,old,old,3.8426832645852755,-5.685366529170551,-1.6451118178931665,0.01408778637825378,t0var,t0var,old,-1.9277392147703267,3.8554784295406535,3.8554784295406535,-0.013376667521793784,t0var,t0var,new,t0var,t0var,old,420,55,24.66826343536377,11,464053238,main
162,S07_t0var_moderate,t0var,gamma,30,42.0,3.6,0.018,18.0,0.0,0.01,10.0,36.227207735304106,3.5789705765569577,0.015416033404412645,15.416033404412644,-451.76328345990856,451.76328345990856,909.5265669198171,921.6473310536494,True,CONVERGENCE: RELATIVE REDUCTION OF F <= FACTR*EPSMCH,33,0,0.1887204320645824,36.227219290186305,3.5789705654829786,0.015416037484159054,15.416037484159054,0.0001,-451.7632835872444,451.7632835872444,911.5265671744888,927.6875860195985,True,CONVERGENCE: RELATIVE REDUCTION OF F <= FACTR*EPSMCH,107,0,0.18872042432475142,37.76767234130228,3.5667316107104847,0.017837672648289043,17.837672648289043,0.008656429467520562,8.656429467520562,-450.6069475438591,450.6069475438591,909.2138950877182,925.3749139328279,True,CONVERGENCE: RELATIVE REDUCTION OF F <= FACTR*EPSMCH,104,0,0.18716120057311977,-1.273358520847978e-07,2.000000254671704,6.040254965949089,-7.739830970576733e-09,old,old,new,1.1563359160494429,-0.3126718320988857,3.727582879178499,-0.0015592314914626149,t0var,old,t0var,-1.156336043385295,2.31267208677059,2.31267208677059,0.0015592237516316443,t0var,t0var,t0var,t0var,old,t0var,420,53,27.373807907104492,12,2725271472,main
163,S07_t0var_moderate,t0var,gamma,30,42.0,3.6,0.018,18.0,0.0,0.01,10.0,42.34292505876689,3.584039497334295,0.015703221218528268,15.703221218528268,-436.7876058831386,436.7876058831386,879.5752117662772,891.6959759001095,True,CONVERGENCE: RELATIVE REDUCTION OF F <= FACTR*EPSMCH,33,0,0.13484738021618986,42.34291686394221,3.584039500329432,0.015703209184394457,15.703209184394458,0.0001,-436.7876062015934,436.7876062015934,881.5752124031868,897.7362312482965,True,CONVERGENCE: RELATIVE REDUCTION OF F <= FACTR*EPSMCH,107,0,0.13484738910461844,43.08902611516349,3.5793408239210605,0.01659863008428028,16.59863008428028,0.005025509436518658,5.025509436518658,-435.68389374128685,435.68389374128685,879.3677874825737,895.5288063276834,True,CONVERGENCE: RELATIVE REDUCTION OF F <= FACTR*EPSMCH,104,0,0.13442589624588805,-3.184547949786065e-07,2.00000063690959,6.0402553481869745,8.888428576492302e-09,old,old,old,1.1037121418517586,-0.20742428370351718,3.8328304275738674,-0.0004214839703018114,t0var,old,t0var,-1.1037124603065536,2.207424920613107,2.207424920613107,0.0004214928587303879,t0var,t0var,t0var,t0var,old,t0var,420,49,47.175689458847046,13,423750561,main
164,S07_t0var_moderate,t0var,gamma,30,42.0,3.6,0.018,18.0,0.0,0.01,10.0,40.32229834740666,3.5221322938388306,0.01792863033420093,17.92863033420093,-441.491506666517,441.491506666517,888.983013333034,901.1037774668663,True,CONVERGENCE: RELATIVE REDUCTION OF F <= FACTR*EPSMCH,33,0,0.1086594337212536,40.684193806496346,3.519606333761458,0.017968146576141004,17.968146576141002,0.10211825648072163,-441.46848695332216,441.46848695332216,890.9369739066443,907.097992751754,True,CONVERGENCE: RELATIVE REDUCTION OF F <= FACTR*EPSMCH,107,0,0.10880517944860219,42.07297941626835,3.5131728527317008,0.020414915606471757,20.41491560647176,0.006041983096739744,6.041983096739743,-440.52799864769594,440.52799864769594,889.0559972953919,905.2170161405015,True,CONVERGENCE: RELATIVE REDUCTION OF F <= FACTR*EPSMCH,104,0,0.11394023743002553,0.02301971319485574,1.9539605736102885,5.994215284887673,0.00014574572734858682,old,old,old,0.9635080188210736,0.07298396235785276,4.113238673635237,0.005280803708771931,old,old,old,-0.9404883056262179,1.8809766112524358,1.8809766112524358,-0.005135057981423344,t0var,t0var,new,old,old,old,420,50,30.950990200042725,14,748931093,main
165,S07_t0var_moderate,t0var,gamma,30,42.0,3.6,0.018,18.0,0.0,0.01,10.0,37.86149221737958,3.6187478091644865,0.01570756762903837,15.707567629038369,-458.272521581915,458.272521581915,922.54504316383,934.6658072976622,True,CONVERGENCE: RELATIVE REDUCTION OF F <= FACTR*EPSMCH,33,0,0.1747260377726126,37.861647109127816,3.6187461593540826,0.015707567837595842,15.707567837595843,0.0001,-458.27252175292705,458.27252175292705,924.5450435058541,940.7060623509637,True,CONVERGENCE: RELATIVE REDUCTION OF F <= FACTR*EPSMCH,107,0,0.1747272412320322,39.654280554549615,3.605303741945244,0.018306313558015045,18.306313558015045,0.009433149107058732,9.433149107058732,-456.4747297929193,456.4747297929193,920.9494595858386,937.1104784309482,True,CONVERGENCE: RELATIVE REDUCTION OF F <= FACTR*EPSMCH,104,0,0.1778878556226062,-1.7101206140068825e-07,2.000000342024123,6.040255053301507,1.2034594195908799e-06,old,old,old,1.7977917889957098,-1.5955835779914196,2.444671133285965,0.0031618178499935867,t0var,old,old,-1.7977919600077712,3.5955839200155424,3.5955839200155424,-0.003160614390573996,t0var,t0var,new,t0var,old,old,420,52,28.329988718032837,15,4131703719,main
166,S07_t0var_moderate,t0var,gamma,30,42.0,3.6,0.018,18.0,0.0,0.01,10.0,37.54615779626039,3.643135673050781,0.011470050563799374,11.470050563799374,-464.0929167956318,464.0929167956318,934.1858335912636,946.3065977250959,True,CONVERGENCE: RELATIVE REDUCTION OF F <= FACTR*EPSMCH,33,0,0.10309752821658474,37.54616969753073,3.6431356130506756,0.011470058950976051,11.470058950976052,0.0001,-464.0929171065587,464.0929171065587,936.1858342131173,952.346853058227,True,CONVERGENCE: RELATIVE REDUCTION OF F <= FACTR*EPSMCH,107,0,0.10309756880560363,37.54621022001092,3.6431350367385527,0.011470087141351153,11.470087141351152,0.0001,0.1,-464.0929245685847,464.0929245685847,936.1858491371694,952.346867982279,True,CONVERGENCE: RELATIVE REDUCTION OF F <= FACTR*EPSMCH,104,0,0.10309751908406319,-3.1092685048861313e-07,2.000000621853701,6.0402553331310855,4.058901888204236e-08,old,old,old,-7.772952869800065e-06,2.0000155459057396,6.040270257183124,-9.132521558430362e-09,old,old,t0var,7.462026019311452e-06,-1.4924052038622904e-05,-1.4924052038622904e-05,4.972154044047272e-08,new,new,t0var,old,old,t0var,420,50,25.717304229736328,16,1065858366,main
167,S07_t0var_moderate,t0var,gamma,30,42.0,3.6,0.018,18.0,0.0,0.01,10.0,41.604236506448274,3.5468307056316677,0.01840242162740276,18.40242162740276,-434.2976587431277,434.2976587431277,874.5953174862555,886.7160816200877,True,CONVERGENCE: RELATIVE REDUCTION OF F <= FACTR*EPSMCH,33,0,0.14249660906811773,41.60424989952304,3.5468304535325754,0.018402425760729008,18.402425760729006,0.0001,-434.2976587740195,434.2976587740195,876.595317548039,892.7563363931487,True,CONVERGENCE: RELATIVE REDUCTION OF F <= FACTR*EPSMCH,107,0,0.14249660983293194,41.603974524037646,3.546832031505871,0.018402059218506538,18.402059218506537,0.0001,0.1,-434.2979302845894,434.2979302845894,876.5958605691789,892.7568794142885,True,CONVERGENCE: RELATIVE REDUCTION OF F <= FACTR*EPSMCH,104,0,0.1424967937226643,-3.089178335358156e-08,2.0000000617835667,6.040254773060951,7.648142119620616e-10,old,old,old,-0.00027154146170005333,2.0005430829234,6.040797794200785,1.8465454657001779e-07,old,old,old,0.00027151056991669975,-0.0005430211398333995,-0.0005430211398333995,-1.8388973235805572e-07,new,new,new,old,old,old,420,52,27.734979152679443,17,2471023256,main
168,S07_t0var_moderate,t0var,gamma,30,42.0,3.6,0.018,18.0,0.0,0.01,10.0,40.26840230255225,3.61232803180324,0.01737537044385631,17.375370443856312,-442.98654115079773,442.98654115079773,891.9730823015955,904.0938464354277,True,CONVERGENCE: RELATIVE REDUCTION OF F <= FACTR*EPSMCH,33,0,0.15021224183103007,40.85795423523244,3.6069274597958385,0.017436604394487947,17.436604394487947,0.13070046048839687,-442.92435852434204,442.92435852434204,893.8487170486841,910.0097358937937,True,CONVERGENCE: RELATIVE REDUCTION OF F <= FACTR*EPSMCH,107,0,0.15209452148833455,45.3288636312811,3.581653250063861,0.023735473584921313,23.735473584921312,0.011071814695944407,11.071814695944408,-440.78562657820856,440.78562657820856,889.5712531564171,905.7322720015268,True,CONVERGENCE: RELATIVE REDUCTION OF F <= FACTR*EPSMCH,104,0,0.1211325274498765,0.06218262645569439,1.8756347470886112,5.915889458365996,0.0018822796573044753,old,old,old,2.20091457258917,-2.40182914517834,1.6384255660990448,-0.029079714381153574,t0var,old,t0var,-2.1387319461334755,4.277463892266951,4.277463892266951,0.03096199403845805,t0var,t0var,t0var,t0var,old,t0var,420,50,25.93863272666931,18,2941292321,main
169,S07_t0var_moderate,t0var,gamma,30,42.0,3.6,0.018,18.0,0.0,0.01,10.0,41.52975843378867,3.600927060447995,0.01598980115777307,15.989801157773071,-449.44255028149763,449.44255028149763,904.8851005629953,917.0058646968275,True,CONVERGENCE: RELATIVE REDUCTION OF F <= FACTR*EPSMCH,33,0,0.15411004960237276,41.52977289227814,3.6009269515334235,0.015989797003279092,15.989797003279092,0.0001,-449.44255031325844,449.44255031325844,906.8851006265169,923.0461194716265,True,CONVERGENCE: RELATIVE REDUCTION OF F <= FACTR*EPSMCH,107,0,0.15411010800174718,45.607318671184,3.5755302946875096,0.020936588008663076,20.936588008663076,0.012784621780281093,12.784621780281093,-446.8415939949718,446.8415939949718,901.6831879899436,917.8442068350532,True,CONVERGENCE: RELATIVE REDUCTION OF F <= FACTR*EPSMCH,104,0,0.14149129571294022,-3.176080554112559e-08,2.000000063521611,6.040254774798996,5.839937441964871e-08,old,old,old,2.600956286525843,-3.201912573051686,0.8383421382256984,-0.012618753889432538,t0var,old,t0var,-2.6009563182866486,5.201912636573297,5.201912636573297,0.012618812288806958,t0var,t0var,t0var,t0var,old,t0var,420,51,34.112876176834106,19,3527580965,main
170,S07_t0var_moderate,t0var,gamma,30,42.0,3.6,0.018,18.0,0.0,0.01,10.0,39.503318487396605,3.754909044501668,0.01566993575105834,15.66993575105834,-452.5049661362571,452.5049661362571,911.0099322725142,923.1306964063465,True,CONVERGENCE: RELATIVE REDUCTION OF F <= FACTR*EPSMCH,33,0,0.12979436916437184,39.503313802608545,3.7549092023999138,0.015669936394320634,15.669936394320635,0.0001,-452.5049661884425,452.5049661884425,913.009932376885,929.1709512219946,True,CONVERGENCE: RELATIVE REDUCTION OF F <= FACTR*EPSMCH,107,0,0.1297943610568859,40.03655518571875,3.7502253935631753,0.016395745417621267,16.395745417621267,0.005325047436643992,5.325047436643992,-451.7618946199994,451.7618946199994,911.5237892399988,927.6848080851084,True,CONVERGENCE: RELATIVE REDUCTION OF F <= FACTR*EPSMCH,104,0,0.13049675308926204,-5.21853849022591e-08,2.00000010437077,6.040254815648154,-8.107485932606906e-09,old,old,new,0.7430715162577144,0.5138569674845712,4.554111678761956,0.0007023839248901931,old,old,old,-0.7430715684430993,1.4861431368861986,1.4861431368861986,-0.0007023920323761257,t0var,t0var,new,old,old,new,420,51,48.83117055892944,20,347341074,main
171,S07_t0var_moderate,t0var,gamma,30,42.0,3.6,0.018,18.0,0.0,0.01,10.0,42.382311277922575,3.624793344378293,0.014124090639878633,14.124090639878633,-468.1085540897034,468.1085540897034,942.2171081794068,954.337872313239,True,CONVERGENCE: RELATIVE REDUCTION OF F <= FACTR*EPSMCH,33,0,0.1342324750714597,43.850051607814635,3.6164124070986126,0.014501110032386853,14.501110032386853,0.1831388486327362,-467.84170329279107,467.84170329279107,943.6834065855821,959.8444254306918,True,CONVERGENCE: RELATIVE REDUCTION OF F <= FACTR*EPSMCH,107,0,0.13301943377676462,42.56856664102742,3.62318245200059,0.01428129554232575,14.281295542325749,0.004598496312941071,4.598496312941071,-467.9047707023388,467.9047707023388,943.8095414046776,959.9705602497872,True,CONVERGENCE: RELATIVE REDUCTION OF F <= FACTR*EPSMCH,104,0,0.1345255885237,0.2668507969123084,1.4662984061753832,5.506553117452768,-0.001213041294695072,old,old,new,0.2037833873645809,1.5924332252708382,5.632687936548223,0.00029311345224031227,old,old,old,0.0630674095477275,-0.126134819095455,-0.126134819095455,-0.0015061547469353842,new,new,new,old,old,new,420,54,36.37163591384888,21,3610017889,main
172,S07_t0var_moderate,t0var,gamma,30,42.0,3.6,0.018,18.0,0.0,0.01,10.0,43.154317778248775,3.649331772625013,0.01641561117258944,16.41561117258944,-455.70640980065826,455.70640980065826,917.4128196013165,929.5335837351488,True,CONVERGENCE: RELATIVE REDUCTION OF F <= FACTR*EPSMCH,33,0,0.1984515608456607,43.703186413135064,3.6461910410219835,0.01653061018782423,16.53061018782423,0.11255915876598709,-455.6677318268048,455.6677318268048,919.3354636536096,935.4964824987193,True,CONVERGENCE: RELATIVE REDUCTION OF F <= FACTR*EPSMCH,107,0,0.1980443959030057,43.154053540523,3.6493328910984353,0.016415260912893585,16.415260912893583,0.0001,0.1,-455.70656001234624,455.70656001234624,919.4131200246925,935.5741388698021,True,CONVERGENCE: RELATIVE REDUCTION OF F <= FACTR*EPSMCH,104,0,0.19845028581360072,0.03867797385345284,1.9226440522930943,5.962898763570479,-0.00040716494265499725,old,old,new,-0.0001502116879805726,2.000300423375961,6.040555134653346,-1.275032059988579e-06,old,old,t0var,0.03882818554143341,-0.07765637108286683,-0.07765637108286683,-0.0004058899105950087,new,new,new,old,old,new,420,51,30.912240982055664,22,3758412495,main
173,S07_t0var_moderate,t0var,gamma,30,42.0,3.6,0.018,18.0,0.0,0.01,10.0,42.87544671683205,3.559688148374095,0.016887253721358547,16.887253721358547,-443.1124994596203,443.1124994596203,892.2249989192406,904.3457630530729,True,CONVERGENCE: RELATIVE REDUCTION OF F <= FACTR*EPSMCH,33,0,0.1564241586137074,42.87547257637824,3.5596879052914474,0.01688725609813023,16.88725609813023,0.0001,-443.1124995957736,443.1124995957736,894.2249991915472,910.3860180366569,True,CONVERGENCE: RELATIVE REDUCTION OF F <= FACTR*EPSMCH,107,0,0.1564241901871761,47.16367122406843,3.5388902302627363,0.021847232500410596,21.847232500410595,0.011472832010945429,11.47283201094543,-440.2278780228363,440.2278780228363,888.4557560456726,904.6167748907823,True,CONVERGENCE: RELATIVE REDUCTION OF F <= FACTR*EPSMCH,104,0,0.1496177690272969,-1.3615328953164862e-07,2.000000272306579,6.040254983583964,3.1573468700640817e-08,old,old,old,2.884621436784016,-3.7692428735680323,0.2710118377093522,-0.0068063895864104995,t0var,old,t0var,-2.8846215729373057,5.769243145874611,5.769243145874611,0.0068064211598792,t0var,t0var,t0var,t0var,old,t0var,420,51,42.90269637107849,23,2977319396,main
174,S07_t0var_moderate,t0var,gamma,30,42.0,3.6,0.018,18.0,0.0,0.01,10.0,40.55092563096705,3.664535345286723,0.01712278096219092,17.122780962190923,-446.2593043203126,446.2593043203126,898.5186086406252,910.6393727744575,True,CONVERGENCE: RELATIVE REDUCTION OF F <= FACTR*EPSMCH,33,0,0.101618469101105,40.58982326556306,3.66427736602252,0.01712775320283787,17.12775320283787,0.03386625281477854,-446.2589794957018,446.2589794957018,900.5179589914036,916.6789778365132,True,CONVERGENCE: RELATIVE REDUCTION OF F <= FACTR*EPSMCH,107,0,0.10176977130109485,40.550651530840376,3.6645369251235462,0.01712239931480233,17.12239931480233,0.0001,0.1,-446.25982383584466,446.25982383584466,900.5196476716893,916.680666516799,True,CONVERGENCE: RELATIVE REDUCTION OF F <= FACTR*EPSMCH,104,0,0.10161986287072917,0.0003248246108000785,1.9993503507783998,6.039605062055784,0.00015130219998985006,old,old,old,-0.000519515532062087,2.001039031064124,6.041293742341509,1.3937696241722586e-06,old,old,old,0.0008443401428621655,-0.001688680285724331,-0.001688680285724331,0.0001499084303656778,new,new,t0var,old,old,old,420,49,22.2431058883667,24,1841228347,main
175,S07_t0var_moderate,t0var,gamma,30,42.0,3.6,0.018,18.0,0.0,0.01,10.0,38.48087820287931,3.627438377447704,0.014880583559345045,14.880583559345045,-460.1614412867308,460.1614412867308,926.3228825734616,938.4436467072939,True,CONVERGENCE: RELATIVE REDUCTION OF F <= FACTR*EPSMCH,33,0,0.12343800697271005,39.12349748283485,3.621578839080573,0.015043764723008767,15.043764723008767,0.13047348286609575,-460.0848418530243,460.0848418530243,928.1696837060485,944.3307025511582,True,CONVERGENCE: RELATIVE REDUCTION OF F <= FACTR*EPSMCH,107,0,0.12381626444832551,39.46620672614024,3.6193786256914366,0.016271478517866155,16.271478517866154,0.007469122718074771,7.469122718074772,-459.2512338496605,459.2512338496605,926.502467699321,942.6634865444306,True,CONVERGENCE: RELATIVE REDUCTION OF F <= FACTR*EPSMCH,104,0,0.12293516478414165,0.07659943370651945,1.846801132586961,5.887055843864346,0.00037825747561545664,old,old,old,0.9102074370703122,0.1795851258593757,4.21983983713676,-0.0005028421885684004,old,old,t0var,-0.8336080033637927,1.6672160067275854,1.6672160067275854,0.000881099664183857,t0var,t0var,t0var,old,old,t0var,420,53,25.16649293899536,25,1150928999,main
176,S08_t0var_strong,t0var,gamma,30,42.0,3.6,0.018,18.0,0.0,0.02,20.0,38.2980933457682,3.587069994062587,0.015400403276214966,15.400403276214966,-480.3112315809125,480.3112315809125,966.622463161825,978.7432272956572,True,CONVERGENCE: RELATIVE REDUCTION OF F <= FACTR*EPSMCH,33,0,0.15022772771675613,42.03846225261736,3.5544478259625993,0.016060789934556816,16.060789934556816,0.33190176489191914,-478.69288148987005,478.69288148987005,965.3857629797401,981.5467818248497,True,CONVERGENCE: RELATIVE REDUCTION OF F <= FACTR*EPSMCH,107,0,0.1603528429237595,44.716523983689065,3.5418519844337357,0.023768430149520767,23.768430149520768,0.021016197882781338,21.016197882781338,-471.73177486647626,471.73177486647626,951.4635497329525,967.6245685780622,True,CONVERGENCE: RELATIVE REDUCTION OF F <= FACTR*EPSMCH,104,0,0.17173017526621978,1.61835009104243,-1.23670018208486,2.8035545291925246,0.010125115207003377,new,old,old,8.579456714436219,-15.158913428872438,-11.118658717595054,0.02150244754946365,t0var,t0var,old,-6.961106623393789,13.922213246787578,13.922213246787578,-0.011377332342460272,t0var,t0var,new,t0var,t0var,old,420,56,27.87585687637329,1,2655982844,main
177,S08_t0var_strong,t0var,gamma,30,42.0,3.6,0.018,18.0,0.0,0.02,20.0,34.96448641364129,3.714735993357146,0.01186541956801334,11.86541956801334,-495.1271657913668,495.1271657913668,996.2543315827336,1008.3750957165659,True,CONVERGENCE: RELATIVE REDUCTION OF F <= FACTR*EPSMCH,33,0,0.14549341555554873,37.629356961364294,3.679598483505259,0.012772236263563342,12.772236263563343,0.28418276195573133,-494.0534858376494,494.0534858376494,996.1069716752988,1012.2679905204085,True,CONVERGENCE: RELATIVE REDUCTION OF F <= FACTR*EPSMCH,107,0,0.154738717373985,39.12985017111709,3.669055754853863,0.018106596663682147,18.106596663682147,0.02197966937402108,21.97966937402108,-487.4509312905785,487.4509312905785,982.901862581157,999.0628814262667,True,CONVERGENCE: RELATIVE REDUCTION OF F <= FACTR*EPSMCH,104,0,0.13375861455313456,1.0736799537173738,-0.14735990743474758,3.892894803842637,0.009245301818436275,new,old,old,7.676234500788269,-13.352469001576537,-9.312214290299153,-0.011734801002414169,t0var,t0var,t0var,-6.602554547070895,13.20510909414179,13.20510909414179,0.020980102820850444,t0var,t0var,t0var,t0var,t0var,t0var,420,55,25.96727228164673,2,2889143927,main
178,S08_t0var_strong,t0var,gamma,30,42.0,3.6,0.018,18.0,0.0,0.02,20.0,35.307479560697395,3.6117454472078427,0.010032908592478941,10.032908592478941,-498.36824032437227,498.36824032437227,1002.7364806487445,1014.8572447825768,True,CONVERGENCE: RELATIVE REDUCTION OF F <= FACTR*EPSMCH,33,0,0.10091189988354261,37.67650687619832,3.589990201617091,0.01097512237189102,10.97512237189102,0.26498642809793166,-497.5116783930355,497.5116783930355,1003.023356786071,1019.1843756311806,True,CONVERGENCE: RELATIVE REDUCTION OF F <= FACTR*EPSMCH,107,0,0.1097044877244883,38.057685345903074,3.585184594395376,0.013826414149321333,13.826414149321334,0.020046031454350577,20.046031454350576,-493.76404927210586,493.76404927210586,995.5280985442117,1011.6891173893214,True,CONVERGENCE: RELATIVE REDUCTION OF F <= FACTR*EPSMCH,104,0,0.09225854260209149,0.8565619313367847,0.2868761373264306,4.327130848603815,0.008792587840945693,old,old,old,4.604191052266401,-7.208382104532802,-3.1681273932554177,-0.008653357281451127,t0var,t0var,t0var,-3.7476291209296164,7.495258241859233,7.495258241859233,0.01744594512239682,t0var,t0var,t0var,t0var,t0var,t0var,420,57,30.95239543914795,3,1344777899,main
179,S08_t0var_strong,t0var,gamma,30,42.0,3.6,0.018,18.0,0.0,0.02,20.0,35.221095455012765,3.6861097443395705,0.011018158538822957,11.018158538822957,-500.107434696023,500.107434696023,1006.214869392046,1018.3356335258783,True,CONVERGENCE: RELATIVE REDUCTION OF F <= FACTR*EPSMCH,33,0,0.11868050724239765,39.6227212541052,3.6321139295355773,0.012645725225249455,12.645725225249455,0.3500253049412938,-497.9632948228745,497.9632948228745,1003.926589645749,1020.0876084908587,True,CONVERGENCE: RELATIVE REDUCTION OF F <= FACTR*EPSMCH,107,0,0.12667172884999847,38.106838030636304,3.6482705440803946,0.014955546931733767,14.955546931733767,0.0223644208051508,22.3644208051508,-490.79191923093276,490.79191923093276,989.5838384618655,1005.7448573069752,True,CONVERGENCE: RELATIVE REDUCTION OF F <= FACTR*EPSMCH,104,0,0.13615097744275106,2.1441398731485037,-2.2882797462970075,1.751974964980377,0.007991221607600824,new,old,old,9.315515465090243,-16.631030930180486,-12.590776218903102,0.017470470200353416,t0var,t0var,old,-7.1713755919417395,14.342751183883479,14.342751183883479,-0.009479248592752593,t0var,t0var,new,t0var,t0var,old,420,56,52.19170427322388,4,2927652566,main
180,S08_t0var_strong,t0var,gamma,30,42.0,3.6,0.018,18.0,0.0,0.02,20.0,37.03592911625858,3.7168764309865865,0.01302162963839909,13.02162963839909,-513.4542949446766,513.4542949446766,1032.9085898893532,1045.0293540231853,True,CONVERGENCE: RELATIVE REDUCTION OF F <= FACTR*EPSMCH,33,0,0.16073975278192643,46.37324492298974,3.63856284136871,0.015362097767410652,15.362097767410653,0.49782838352849496,-504.834249998567,504.834249998567,1017.668499997134,1033.8295188422437,True,CONVERGENCE: RELATIVE REDUCTION OF F <= FACTR*EPSMCH,107,0,0.1655674002378851,38.976761867771785,3.6903278224327307,0.015164540269983534,15.164540269983535,0.021437853636382488,21.43785363638249,-504.9859362070206,504.9859362070206,1017.9718724140412,1034.132891259151,True,CONVERGENCE: RELATIVE REDUCTION OF F <= FACTR*EPSMCH,104,0,0.1801604258756007,8.620044946109601,-15.240089892219203,-11.19983518094159,0.004827647455958678,new,new,old,8.46835873765599,-14.93671747531198,-10.896462764034368,0.019420673093674262,t0var,t0var,old,0.15168620845361147,-0.30337241690722294,-0.30337241690722294,-0.014593025637715584,new,new,new,new,new,old,420,57,33.714744329452515,5,768639609,main
181,S08_t0var_strong,t0var,gamma,30,42.0,3.6,0.018,18.0,0.0,0.02,20.0,40.810336114844816,3.5966470817722467,0.01233604076381154,12.336040763811539,-476.98337203740255,476.98337203740255,959.9667440748051,972.0875082086374,True,CONVERGENCE: RELATIVE REDUCTION OF F <= FACTR*EPSMCH,33,0,0.150503540376312,41.123027074571844,3.5944337390029166,0.012432623706488262,12.432623706488263,0.0880984353180495,-476.97102387954214,476.97102387954214,961.9420477590843,978.1030666041939,True,CONVERGENCE: RELATIVE REDUCTION OF F <= FACTR*EPSMCH,107,0,0.1509843706627005,45.407148978497155,3.5646073080265013,0.01771426293572534,17.71426293572534,0.01850558065912888,18.50558065912888,-468.71397589370514,468.71397589370514,945.4279517874103,961.5889706325199,True,CONVERGENCE: RELATIVE REDUCTION OF F <= FACTR*EPSMCH,104,0,0.15100177975689377,0.012348157860401443,1.9753036842791971,6.015558395556582,0.00048083028638851166,old,old,old,8.269396143697406,-14.538792287394813,-10.498537576117428,0.000498239380581772,t0var,t0var,old,-8.257047985837005,16.51409597167401,16.51409597167401,-1.740909419326031e-05,t0var,t0var,new,t0var,t0var,old,420,54,29.322230100631714,6,1099691374,main
182,S08_t0var_strong,t0var,gamma,30,42.0,3.6,0.018,18.0,0.0,0.02,20.0,38.567393659449564,3.7266568398071356,0.01398078322893538,13.98078322893538,-472.3969916172021,472.3969916172021,950.7939832344042,962.9147473682365,True,CONVERGENCE: RELATIVE REDUCTION OF F <= FACTR*EPSMCH,33,0,0.11471723271617927,39.196592065629766,3.721270566655278,0.01414127791952231,14.14127791952231,0.13591222261114402,-472.32653340587484,472.32653340587484,952.6530668117497,968.8140856568593,True,CONVERGENCE: RELATIVE REDUCTION OF F <= FACTR*EPSMCH,107,0,0.1187199643861912,41.39121066425345,3.7023685090585756,0.017741994081591165,17.741994081591166,0.014067431107823346,14.067431107823346,-470.424370386523,470.424370386523,948.848740773046,965.0097596181556,True,CONVERGENCE: RELATIVE REDUCTION OF F <= FACTR*EPSMCH,104,0,0.11058364445115043,0.0704582113272636,1.8590835773454728,5.899338288622857,0.00400273167001193,old,old,old,1.972621230679124,-1.945242461358248,2.0950122499191366,-0.00413358826502884,t0var,old,t0var,-1.9021630193518604,3.8043260387037208,3.8043260387037208,0.00813631993504077,t0var,t0var,t0var,t0var,old,t0var,420,52,32.64997601509094,7,41713270,main
183,S08_t0var_strong,t0var,gamma,30,42.0,3.6,0.018,18.0,0.0,0.02,20.0,37.4968543972239,3.710756392545274,0.012216129369749005,12.216129369749005,-477.49765267510526,477.49765267510526,960.9953053502105,973.1160694840428,True,CONVERGENCE: RELATIVE REDUCTION OF F <= FACTR*EPSMCH,33,0,0.13809514707000253,37.49685862835355,3.710755729957496,0.012216144847362925,12.216144847362925,0.0001,-477.4976527720514,477.4976527720514,962.9953055441028,979.1563243892125,True,CONVERGENCE: RELATIVE REDUCTION OF F <= FACTR*EPSMCH,107,0,0.13809513218584113,40.84886183880367,3.680658572543657,0.01672078444985598,16.72078444985598,0.015564887038568809,15.56488703856881,-473.2399517067794,473.2399517067794,954.4799034135588,970.6409222586684,True,CONVERGENCE: RELATIVE REDUCTION OF F <= FACTR*EPSMCH,104,0,0.1264773137241446,-9.694616665001377e-08,2.0000001938923333,6.040254905169718,-1.4884161403383445e-08,old,old,new,4.257700968325878,-6.515401936651756,-2.4751472253743714,-0.01161783334585792,t0var,t0var,t0var,-4.257701065272045,8.51540213054409,8.51540213054409,0.011617818461696516,t0var,t0var,t0var,t0var,t0var,t0var,420,51,27.62951636314392,8,1250663443,main
184,S08_t0var_strong,t0var,gamma,30,42.0,3.6,0.018,18.0,0.0,0.02,20.0,37.28361074091347,3.545036567679416,0.012222135222899258,12.222135222899258,-486.2944164108379,486.2944164108379,978.5888328216759,990.7095969555081,True,CONVERGENCE: RELATIVE REDUCTION OF F <= FACTR*EPSMCH,33,0,0.12949356436723652,39.2591950109662,3.527746676490803,0.012745849557105391,12.745849557105391,0.24563660037824275,-485.7260325155893,485.7260325155893,979.4520650311786,995.6130838762882,True,CONVERGENCE: RELATIVE REDUCTION OF F <= FACTR*EPSMCH,107,0,0.1361776285524907,45.84143981456755,3.4924940516389635,0.023349771765498743,23.349771765498744,0.02132012950426042,21.320129504260418,-467.50144026309636,467.50144026309636,943.0028805261927,959.1638993713024,True,CONVERGENCE: RELATIVE REDUCTION OF F <= FACTR*EPSMCH,104,0,0.09920720761677448,0.568383895248644,0.8632322095027121,4.903486920780097,0.006684064185254163,old,old,old,18.79297614774157,-35.58595229548314,-31.545697584205755,-0.03028635675046204,t0var,t0var,t0var,-18.224592252492926,36.44918450498585,36.44918450498585,0.0369704209357162,t0var,t0var,t0var,t0var,t0var,t0var,420,56,26.615517139434814,9,902127636,main
185,S08_t0var_strong,t0var,gamma,30,42.0,3.6,0.018,18.0,0.0,0.02,20.0,34.40510949290305,3.767558468711478,0.008464448892960498,8.464448892960498,-521.0146740530739,521.0146740530739,1048.0293481061478,1060.15011223998,True,CONVERGENCE: RELATIVE REDUCTION OF F <= FACTR*EPSMCH,33,0,0.09116177479115084,39.25965814830286,3.7165028371996462,0.010485019134466795,10.485019134466794,0.3810017373525656,-517.7826449072652,517.7826449072652,1043.5652898145304,1059.7263086596402,True,CONVERGENCE: RELATIVE REDUCTION OF F <= FACTR*EPSMCH,107,0,0.09997330062077564,38.15968479077411,3.723396627943035,0.013781415888562396,13.781415888562396,0.02413406616006581,24.13406616006581,-510.4370726152656,510.4370726152656,1028.8741452305312,1045.035164075641,True,CONVERGENCE: RELATIVE REDUCTION OF F <= FACTR*EPSMCH,104,0,0.08990230099128933,3.232029145808724,-4.464058291617448,-0.4238035803398361,0.0088115258296248,new,new,old,10.577601437808312,-19.155202875616624,-15.114948164339012,-0.0012594737998615074,t0var,t0var,t0var,-7.345572291999588,14.691144583999176,14.691144583999176,0.010070999629486307,t0var,t0var,t0var,t0var,t0var,t0var,420,57,23.56779432296753,10,3530667050,main
186,S08_t0var_strong,t0var,gamma,30,42.0,3.6,0.018,18.0,0.0,0.02,20.0,40.204357606683324,3.618159362359824,0.012346106452991631,12.34610645299163,-484.1850152553655,484.1850152553655,974.370030510731,986.4907946445633,True,CONVERGENCE: RELATIVE REDUCTION OF F <= FACTR*EPSMCH,33,0,0.11115293435331082,41.94413330949791,3.605206672322762,0.012817673427654455,12.817673427654455,0.2117388233902024,-483.82714895438096,483.82714895438096,975.6542979087619,991.8153167538716,True,CONVERGENCE: RELATIVE REDUCTION OF F <= FACTR*EPSMCH,107,0,0.11828462641140214,45.32398395812244,3.5833648693453894,0.018365628646352983,18.365628646352985,0.01856380901133095,18.56380901133095,-476.78985468872304,476.78985468872304,961.5797093774461,977.7407282225557,True,CONVERGENCE: RELATIVE REDUCTION OF F <= FACTR*EPSMCH,104,0,0.1002741090914798,0.35786630098454,1.28426739803092,5.324522109308305,0.0071316920580913185,old,old,old,7.39516056664246,-12.79032113328492,-8.750066422007535,-0.010878825261831024,t0var,t0var,t0var,-7.03729426565792,14.07458853131584,14.07458853131584,0.018010517319922342,t0var,t0var,t0var,t0var,t0var,t0var,420,56,32.30582070350647,11,3736624461,main
187,S08_t0var_strong,t0var,gamma,30,42.0,3.6,0.018,18.0,0.0,0.02,20.0,38.56128804966881,3.7049145473644014,0.010689601507813635,10.689601507813634,-493.84537304645676,493.84537304645676,993.6907460929135,1005.8115102267458,True,CONVERGENCE: RELATIVE REDUCTION OF F <= FACTR*EPSMCH,33,0,0.2361016956923202,39.350638569006726,3.6975118019167486,0.010887252412158368,10.887252412158368,0.15806079743340706,-493.7511358600491,493.7511358600491,995.5022717200982,1011.6632905652078,True,CONVERGENCE: RELATIVE REDUCTION OF F <= FACTR*EPSMCH,107,0,0.24092239799028597,48.933186722399576,3.633095349604146,0.022398076287868218,22.398076287868218,0.02376500298967565,23.76500298967565,-472.696109724331,472.696109724331,953.392219448662,969.5532382937716,True,CONVERGENCE: RELATIVE REDUCTION OF F <= FACTR*EPSMCH,104,0,0.17877560195211403,0.09423718640766765,1.8115256271846647,5.851780338462049,0.004820702297965773,old,old,old,21.149263322125762,-40.298526644251524,-36.25827193297414,-0.05732609374020617,t0var,t0var,t0var,-21.055026135718094,42.11005227143619,42.11005227143619,0.06214679603817194,t0var,t0var,t0var,t0var,t0var,t0var,420,53,37.40356135368347,12,3743739485,main
188,S08_t0var_strong,t0var,gamma,30,42.0,3.6,0.018,18.0,0.0,0.02,20.0,36.84062225230167,3.6363858725963563,0.012589395046347093,12.589395046347093,-508.3249911459736,508.3249911459736,1022.6499822919473,1034.7707464257794,True,CONVERGENCE: RELATIVE REDUCTION OF F <= FACTR*EPSMCH,33,0,0.19074353829185156,44.77774905254753,3.5671031195676193,0.014377876514914015,14.377876514914016,0.4785510387519557,-501.64770941801635,501.64770941801635,1011.2954188360327,1027.4564376811425,True,CONVERGENCE: RELATIVE REDUCTION OF F <= FACTR*EPSMCH,107,0,0.2070307583509913,44.292166463340955,3.5750062738448474,0.022506615112793872,22.506615112793874,0.02584307059178066,25.84307059178066,-489.7363570164924,489.7363570164924,987.4727140329848,1003.6337328780944,True,CONVERGENCE: RELATIVE REDUCTION OF F <= FACTR*EPSMCH,104,0,0.1915531833060883,6.677281727957279,-11.354563455914558,-7.314308744636946,0.01628722005913974,new,new,old,18.58863412948125,-35.1772682589625,-31.137013547685,0.0008096450142367484,t0var,t0var,old,-11.91135240152397,23.82270480304794,23.822704803048055,0.015477575044902991,t0var,t0var,t0var,t0var,t0var,old,420,57,53.277971267700195,13,4178272184,main
189,S08_t0var_strong,t0var,gamma,30,42.0,3.6,0.018,18.0,0.0,0.02,20.0,35.695903075016595,3.685044318377765,0.014504687828788521,14.504687828788521,-477.5290961620192,477.5290961620192,961.0581923240384,973.1789564578706,True,CONVERGENCE: RELATIVE REDUCTION OF F <= FACTR*EPSMCH,33,0,0.11269650864039397,37.98432374755905,3.6562176736731025,0.015038536882123857,15.038536882123857,0.27120866170404323,-476.66407786856473,476.66407786856473,961.3281557371295,977.4891745822391,True,CONVERGENCE: RELATIVE REDUCTION OF F <= FACTR*EPSMCH,107,0,0.12785717631148769,39.24475602159799,3.6495561323516355,0.019805303162485688,19.80530316248569,0.017887670828964503,17.887670828964502,-474.702017635809,474.702017635809,957.404035271618,973.5650541167277,True,CONVERGENCE: RELATIVE REDUCTION OF F <= FACTR*EPSMCH,104,0,0.1067399839332615,0.8650182934544546,0.26996341309109084,4.310218124368475,0.015160667671093711,old,old,old,2.8270785262101867,-3.6541570524203735,0.3860976588570111,-0.005956524707132468,t0var,old,t0var,-1.9620602327557322,3.9241204655114643,3.9241204655114643,0.02111719237822618,t0var,t0var,t0var,t0var,old,t0var,420,54,39.612382650375366,14,2701505036,main
190,S08_t0var_strong,t0var,gamma,30,42.0,3.6,0.018,18.0,0.0,0.02,20.0,35.9382450752671,3.5620589412059775,0.011522007119552972,11.522007119552972,-498.8390502689275,498.8390502689275,1003.678100537855,1015.7988646716873,True,CONVERGENCE: RELATIVE REDUCTION OF F <= FACTR*EPSMCH,33,0,0.13637108127564937,42.08202339520535,3.504779512342522,0.013184704928662203,13.184704928662203,0.42807163274493654,-494.91522245565466,494.91522245565466,997.8304449113093,1013.991463756419,True,CONVERGENCE: RELATIVE REDUCTION OF F <= FACTR*EPSMCH,107,0,0.16993040151229077,42.99011796642482,3.502042472927028,0.020963833443489056,20.963833443489055,0.028978925444106258,28.97892544410626,-484.34252485391875,484.34252485391875,976.6850497078375,992.8460685529471,True,CONVERGENCE: RELATIVE REDUCTION OF F <= FACTR*EPSMCH,104,0,0.13725267313707376,3.923827813272851,-5.847655626545702,-1.8074009152683175,0.033559320236641405,new,new,old,14.496525415008762,-26.993050830017523,-22.95279611874014,0.0008815918614243912,t0var,t0var,old,-10.57269760173591,21.14539520347182,21.14539520347182,0.03267772837521701,t0var,t0var,t0var,t0var,t0var,old,420,56,39.66872763633728,15,1897483664,main
191,S08_t0var_strong,t0var,gamma,30,42.0,3.6,0.018,18.0,0.0,0.02,20.0,34.994598275027585,3.646549688152411,0.01081511942434529,10.815119424345289,-517.627010802314,517.627010802314,1041.254021604628,1053.37478573846,True,CONVERGENCE: RELATIVE REDUCTION OF F <= FACTR*EPSMCH,33,0,0.14744736420799442,44.16756456392459,3.557023394531597,0.013465260782830297,13.465260782830297,0.519147569382816,-510.29405421405465,510.29405421405465,1028.5881084281093,1044.749127273219,True,CONVERGENCE: RELATIVE REDUCTION OF F <= FACTR*EPSMCH,107,0,0.17676734503893002,39.98000812364158,3.5871003064938676,0.017369955947186787,17.369955947186785,0.03074304304420678,30.74304304420678,-504.1158737633864,504.1158737633864,1016.2317475267728,1032.3927663718825,True,CONVERGENCE: RELATIVE REDUCTION OF F <= FACTR*EPSMCH,104,0,0.16887263173572975,7.3329565882593215,-12.665913176518643,-8.625658465241031,0.029319980830935594,new,new,old,13.511137038927586,-25.022274077855172,-20.98201936657756,0.021425267527735326,t0var,t0var,old,-6.178180450668265,12.35636090133653,12.35636090133653,0.007894713303200268,t0var,t0var,t0var,t0var,t0var,old,420,55,38.164376735687256,16,2500809667,main
192,S08_t0var_strong,t0var,gamma,30,42.0,3.6,0.018,18.0,0.0,0.02,20.0,37.87624376832417,3.6970673613328273,0.011467537463165124,11.467537463165124,-490.5642666378891,490.5642666378891,987.1285332757782,999.2492974096104,True,CONVERGENCE: RELATIVE REDUCTION OF F <= FACTR*EPSMCH,33,0,0.184582706181027,39.934226434681456,3.6768605240393444,0.012131268391742766,12.131268391742765,0.23870386556667872,-490.0516136586501,490.0516136586501,988.1032273173003,1004.2642461624099,True,CONVERGENCE: RELATIVE REDUCTION OF F <= FACTR*EPSMCH,107,0,0.1923852514039678,42.062285856996276,3.6569629029323623,0.01677189450968704,16.77189450968704,0.021219372060425526,21.219372060425528,-486.45740427830145,486.45740427830145,980.9148085566029,997.0758274017126,True,CONVERGENCE: RELATIVE REDUCTION OF F <= FACTR*EPSMCH,104,0,0.18911805581479474,0.5126529792389647,0.9746940415220706,5.014948752799455,0.007802545222940799,old,old,old,4.1068623595876375,-6.213724719175275,-2.1734700078978904,0.004535349633767727,t0var,t0var,old,-3.5942093803486728,7.1884187606973455,7.1884187606973455,0.003267195589173072,t0var,t0var,t0var,t0var,t0var,old,420,54,34.05021929740906,17,1626716692,main
193,S08_t0var_strong,t0var,gamma,30,42.0,3.6,0.018,18.0,0.0,0.02,20.0,35.79752202642597,3.686110429604857,0.011407088907610012,11.407088907610012,-479.5328326140343,479.5328326140343,965.0656652280686,977.1864293619009,True,CONVERGENCE: RELATIVE REDUCTION OF F <= FACTR*EPSMCH,33,0,0.18507162529028495,35.798084482326246,3.686103004731383,0.01140735738478952,11.40735738478952,0.003489240362566708,-479.53283254510234,479.53283254510234,967.0656650902047,983.2266839353143,True,CONVERGENCE: RELATIVE REDUCTION OF F <= FACTR*EPSMCH,107,0,0.1850715622566222,38.23446014933448,3.66047312397829,0.014865313902755119,14.865313902755119,0.01659756726440418,16.59756726440418,-475.5570201477181,475.5570201477181,959.1140402954362,975.2750591405459,True,CONVERGENCE: RELATIVE REDUCTION OF F <= FACTR*EPSMCH,104,0,0.17460548971335263,6.893196768942289e-08,1.9999998621360646,6.040254573413449,-6.303366276161348e-08,old,old,new,3.9758124663161993,-5.951624932632399,-1.911370221355014,-0.010466135576932323,t0var,t0var,t0var,-3.9758123973842316,7.951624794768463,7.951624794768463,0.010466072543269561,t0var,t0var,t0var,t0var,t0var,t0var,420,54,27.626734733581543,18,2033062299,main
194,S08_t0var_strong,t0var,gamma,30,42.0,3.6,0.018,18.0,0.0,0.02,20.0,38.20939537511516,3.57269149225549,0.013951045169498494,13.951045169498494,-467.6724679873146,467.6724679873146,941.3449359746292,953.4657001084614,True,CONVERGENCE: RELATIVE REDUCTION OF F <= FACTR*EPSMCH,33,0,0.15541170792751532,38.20938425663115,3.572691724901475,0.013951044044533137,13.951044044533138,0.0001,-467.67246799505654,467.67246799505654,943.3449359901131,959.5059548352227,True,CONVERGENCE: RELATIVE REDUCTION OF F <= FACTR*EPSMCH,107,0,0.1554116541566026,43.45845275933896,3.53975394143018,0.020685179501100784,20.685179501100784,0.017108308385698424,17.108308385698425,-461.4502623789417,461.4502623789417,930.9005247578834,947.0615436029931,True,CONVERGENCE: RELATIVE REDUCTION OF F <= FACTR*EPSMCH,104,0,0.12301659141815674,-7.74195996200433e-09,2.00000001548392,6.0402547267613045,-5.3770912722406194e-08,old,old,new,6.22220560837286,-10.44441121674572,-6.404156505468336,-0.032395116509358585,t0var,t0var,t0var,-6.22220561611482,12.44441123222964,12.44441123222964,0.03239506273844586,t0var,t0var,t0var,t0var,t0var,t0var,420,51,44.60327982902527,19,1185183688,main
195,S08_t0var_strong,t0var,gamma,30,42.0,3.6,0.018,18.0,0.0,0.02,20.0,36.89767416251573,3.6260717511250826,0.010967930378046041,10.967930378046042,-485.9367076209562,485.9367076209562,977.8734152419124,989.9941793757447,True,CONVERGENCE: RELATIVE REDUCTION OF F <= FACTR*EPSMCH,33,0,0.1499531710213568,37.56338737618494,3.620100666400015,0.011194045888041824,11.194045888041824,0.14042820800975075,-485.86057260715,485.86057260715,979.7211452143,995.8821640594097,True,CONVERGENCE: RELATIVE REDUCTION OF F <= FACTR*EPSMCH,107,0,0.15211460800883553,39.56632882738958,3.6028843975131024,0.014486593255223404,14.486593255223404,0.015655123447033265,15.655123447033265,-482.6234244935756,482.6234244935756,973.2468489871512,989.4078678322609,True,CONVERGENCE: RELATIVE REDUCTION OF F <= FACTR*EPSMCH,104,0,0.12970580535368265,0.07613501380620846,1.847729972387583,5.887984683664968,0.0021614369874787265,old,old,old,3.3132831273806005,-4.626566254761201,-0.5863115434838164,-0.020247365667674155,t0var,t0var,t0var,-3.237148113574392,6.474296227148784,6.474296227148784,0.022408802655152882,t0var,t0var,t0var,t0var,t0var,t0var,420,55,24.86033344268799,20,2977011510,main
196,S08_t0var_strong,t0var,gamma,30,42.0,3.6,0.018,18.0,0.0,0.02,20.0,38.681363629528626,3.6147466734520974,0.010137133582590128,10.137133582590128,-500.13516976039574,500.13516976039574,1006.2703395207915,1018.3911036546237,True,CONVERGENCE: RELATIVE REDUCTION OF F <= FACTR*EPSMCH,33,0,0.1931966260814629,43.66692450055973,3.5760668461303413,0.011609004407119225,11.609004407119224,0.35941253390735783,-497.4135802802188,497.4135802802188,1002.8271605604376,1018.9881794055473,True,CONVERGENCE: RELATIVE REDUCTION OF F <= FACTR*EPSMCH,107,0,0.20497301056216657,44.94359476131516,3.566927137528284,0.017490258158123786,17.490258158123787,0.023929371074473377,23.929371074473377,-488.49549805975585,488.49549805975585,984.9909961195117,1001.1520149646213,True,CONVERGENCE: RELATIVE REDUCTION OF F <= FACTR*EPSMCH,104,0,0.17124065905501792,2.721589480176931,-3.443178960353862,0.5970757509235227,0.011776384480703672,new,old,old,11.639671700639894,-21.27934340127979,-17.239088690002404,-0.021955967026444978,t0var,t0var,t0var,-8.918082220462964,17.836164440925927,17.836164440925927,0.03373235150714865,t0var,t0var,t0var,t0var,t0var,t0var,420,55,28.947365283966064,21,4149385552,main
197,S08_t0var_strong,t0var,gamma,30,42.0,3.6,0.018,18.0,0.0,0.02,20.0,39.03155244437596,3.6146562898200663,0.009560785847873484,9.560785847873484,-485.6749335319889,485.6749335319889,977.3498670639779,989.4706311978101,True,CONVERGENCE: RELATIVE REDUCTION OF F <= FACTR*EPSMCH,33,0,0.17399563765100173,39.12822245238114,3.6138254800459517,0.00959772491998561,9.59772491998561,0.04946484099541158,-485.67381337570237,485.67381337570237,979.3476267514047,995.5086455965144,True,CONVERGENCE: RELATIVE REDUCTION OF F <= FACTR*EPSMCH,107,0,0.17432321732273873,42.1446453468745,3.5880233614478096,0.013148699964997616,13.148699964997617,0.017342139871986493,17.342139871986493,-481.2207070484322,481.2207070484322,970.4414140968644,986.602432941974,True,CONVERGENCE: RELATIVE REDUCTION OF F <= FACTR*EPSMCH,104,0,0.16475994506990096,0.001120156286560814,1.9977596874268784,6.038014398704263,0.00032757967173699387,old,old,old,4.454226483556738,-6.908452967113476,-2.8681982558360914,-0.009235692581100768,t0var,t0var,t0var,-4.453106327270177,8.906212654540354,8.906212654540354,0.009563272252837762,t0var,t0var,t0var,t0var,t0var,t0var,420,56,26.83275294303894,22,682031044,main
198,S08_t0var_strong,t0var,gamma,30,42.0,3.6,0.018,18.0,0.0,0.02,20.0,36.49738784426977,3.6346261620998246,0.008087064992062139,8.087064992062139,-495.4954789626679,495.4954789626679,996.9909579253358,1009.1117220591681,True,CONVERGENCE: RELATIVE REDUCTION OF F <= FACTR*EPSMCH,33,0,0.14118041390882075,37.032863342312346,3.6290968021284598,0.008351795425301824,8.351795425301823,0.11745750080856049,-495.4615842675432,495.4615842675432,998.9231685350863,1015.084187380196,True,CONVERGENCE: RELATIVE REDUCTION OF F <= FACTR*EPSMCH,107,0,0.14270581432511217,39.06061803869731,3.6086839608497905,0.011428772439063654,11.428772439063653,0.018057471950898518,18.057471950898517,-489.6887369419469,489.6887369419469,987.3774738838938,1003.5384927290035,True,CONVERGENCE: RELATIVE REDUCTION OF F <= FACTR*EPSMCH,104,0,0.1469497005552884,0.033894695124729424,1.9322106097505412,5.972465321027926,0.001525400416291428,old,old,old,5.806742020721003,-9.613484041442007,-5.573229330164622,0.005769286646467642,t0var,t0var,old,-5.772847325596274,11.545694651192548,11.545694651192548,-0.004243886230176214,t0var,t0var,new,t0var,t0var,old,420,53,36.04258751869202,23,249978285,main
199,S08_t0var_strong,t0var,gamma,30,42.0,3.6,0.018,18.0,0.0,0.02,20.0,37.163172179051585,3.6045828410707874,0.013092929156024521,13.092929156024521,-491.91993926715804,491.91993926715804,989.8398785343161,1001.9606426681484,True,CONVERGENCE: RELATIVE REDUCTION OF F <= FACTR*EPSMCH,33,0,0.12392004435501046,40.663571760639584,3.5725201274842586,0.013926313599016743,13.926313599016744,0.3270436995787356,-490.3685773542389,490.3685773542389,988.7371547084778,1004.8981735535874,True,CONVERGENCE: RELATIVE REDUCTION OF F <= FACTR*EPSMCH,107,0,0.1447216565586756,44.317193706022245,3.552077880711578,0.022492710710911717,22.492710710911716,0.024572681926041187,24.572681926041188,-479.2251730187843,479.2251730187843,966.4503460375686,982.6113648826782,True,CONVERGENCE: RELATIVE REDUCTION OF F <= FACTR*EPSMCH,104,0,0.11907266512614227,1.5513619129191625,-1.102723825838325,2.9375308854390596,0.02080161220366515,new,old,old,12.694766248373753,-23.389532496747506,-19.34927778547012,-0.004847379228868187,t0var,t0var,t0var,-11.14340433545459,22.28680867090918,22.28680867090918,0.02564899143253334,t0var,t0var,t0var,t0var,t0var,t0var,420,56,27.87721538543701,24,1624520801,main
200,S08_t0var_strong,t0var,gamma,30,42.0,3.6,0.018,18.0,0.0,0.02,20.0,39.46265397775829,3.6019368857060403,0.012924669220442754,12.924669220442754,-466.1579243854223,466.1579243854223,938.3158487708446,950.4366129046768,True,CONVERGENCE: RELATIVE REDUCTION OF F <= FACTR*EPSMCH,33,0,0.15992334178106762,39.46259750111614,3.6019365051650576,0.012924646984698371,12.924646984698372,0.0001,-466.15792455665246,466.15792455665246,940.3158491133049,956.4768679584146,True,CONVERGENCE: RELATIVE REDUCTION OF F <= FACTR*EPSMCH,107,0,0.15992315758587544,43.67523096127579,3.5699965786622183,0.01809703986760775,18.097039867607748,0.01596246211123154,15.962462111231542,-459.5864968098156,459.5864968098156,927.1729936196313,943.3340124647409,True,CONVERGENCE: RELATIVE REDUCTION OF F <= FACTR*EPSMCH,104,0,0.16395316352110448,-1.7123016959885717e-07,2.000000342460339,6.040255053737724,-1.8419519218215719e-07,old,old,new,6.571427575606663,-11.142855151213325,-7.102600439935941,0.004029821740036854,t0var,t0var,old,-6.571427746836832,13.142855493673665,13.142855493673665,-0.004030005935229036,t0var,t0var,new,t0var,t0var,new,420,53,25.55457639694214,25,1755498727,main
201,S02_old_typical,old,gamma,10,42.0,3.6,0.018,18.0,0.0001,0.0,0.0,45.46889071454296,3.668856300997422,0.019062522323706737,19.062522323706737,-137.80107397559124,137.80107397559124,281.6021479511825,290.42707521901036,True,CONVERGENCE: RELATIVE REDUCTION OF F <= FACTR*EPSMCH,33,0,0.309806418308279,45.46887616093698,3.668856391761232,0.019062524132304314,19.062524132304315,0.0001,-137.8010740794068,137.8010740794068,283.6021481588136,295.3687178492508,True,CONVERGENCE: RELATIVE REDUCTION OF F <= FACTR*EPSMCH,107,0,0.30980641669922854,51.825786086617576,3.6390776197554144,0.025905116173997822,25.905116173997822,0.00890818678268932,8.90818678268932,-136.6964251211605,136.6964251211605,281.392850242321,293.1594199327582,True,CONVERGENCE: RELATIVE REDUCTION OF F <= FACTR*EPSMCH,104,0,0.29982598949750944,-1.0381555171079526e-07,2.0000002076311034,4.9416426302404375,-1.609050448436733e-09,old,old,new,1.1046488544307351,-0.20929770886147026,2.732344713747864,-0.009980428810769548,t0var,old,t0var,-1.1046489582462868,2.2092979164925737,2.2092979164925737,0.0099804272017191,t0var,t0var,t0var,t0var,old,t0var,140,38,30.12467932701111,1,1770025748,reduced
202,S02_old_typical,old,gamma,10,42.0,3.6,0.018,18.0,0.0001,0.0,0.0,42.97014825147633,3.629948669303571,0.016309526912828783,16.309526912828783,-144.5924516192774,144.5924516192774,295.1849032385548,304.0098305063827,True,CONVERGENCE: RELATIVE REDUCTION OF F <= FACTR*EPSMCH,33,0,0.1616607738633448,42.97013032762476,3.6299482820986997,0.01630951702970562,16.30951702970562,0.0001,-144.5924517237003,144.5924517237003,297.1849034474006,308.9514731378378,True,CONVERGENCE: RELATIVE REDUCTION OF F <= FACTR*EPSMCH,107,0,0.16166077673558477,42.96985146902194,3.629950155915156,0.01630915058976424,16.30915058976424,0.0001,0.1,-144.5925570468254,144.5925570468254,297.1851140936508,308.951683784088,True,CONVERGENCE: RELATIVE REDUCTION OF F <= FACTR*EPSMCH,104,0,0.16166053652405982,-1.0442289521961357e-07,2.0000002088457904,4.9416426314551245,2.872239973639168e-09,old,old,old,-0.00010542754799303111,2.000210855095986,4.94185327770532,-2.3733928497526868e-07,old,old,t0var,0.0001053231250978115,-0.000210646250195623,-0.000210646250195623,2.4021152494890785e-07,new,new,t0var,old,old,t0var,140,43,22.37498712539673,2,724255371,reduced
203,S02_old_typical,old,gamma,10,42.0,3.6,0.018,18.0,0.0001,0.0,0.0,49.19685484570814,3.7368920130578913,0.019999999964660908,19.99999996466091,-144.96251679220285,144.96251679220285,295.9250335844057,304.7499608522336,True,CONVERGENCE: RELATIVE REDUCTION OF F <= FACTR*EPSMCH,33,0,0.2071043176059182,53.383367621347894,3.714607356306254,0.02000000000933894,20.00000000933894,0.30012314533740964,-144.28806967060243,144.28806967060243,296.57613934120485,308.3427090316421,True,CONVERGENCE: RELATIVE REDUCTION OF F <= FACTR*EPSMCH,107,0,0.1944853806355349,49.24714369441694,3.736740027139792,0.02006769017510162,20.06769017510162,0.0001,0.1,-144.98961134984373,144.98961134984373,297.97922269968745,309.7457923901247,True,CONVERGENCE: RELATIVE REDUCTION OF F <= FACTR*EPSMCH,104,0,0.2074384379273485,0.6744471216004229,0.6511057567991543,3.5927481794084883,-0.012618936970383299,old,old,new,-0.027094557640879202,2.0541891152817584,4.9958315378910925,0.0003341203214303201,old,old,old,0.7015416792413021,-1.4030833584826041,-1.4030833584826041,-0.012953057291813619,new,new,new,old,old,new,140,45,46.937437295913696,3,704218573,reduced
204,S02_old_typical,old,gamma,10,42.0,3.6,0.018,18.0,0.0001,0.0,0.0,46.43101193897262,3.5502168485840015,0.022701209560227562,22.70120956022756,-138.46788472104492,138.46788472104492,282.93576944208985,291.76069670991774,True,CONVERGENCE: RELATIVE REDUCTION OF F <= FACTR*EPSMCH,33,0,0.22070736529270843,57.41049344441526,3.501543971093071,0.027259805107470465,27.259805107470466,0.360866447425851,-137.47412723054578,137.47412723054578,282.94825446109155,294.7148241515288,True,CONVERGENCE: RELATIVE REDUCTION OF F <= FACTR*EPSMCH,107,0,0.20053637707916813,46.44938771224873,3.550106679156085,0.022716670124563684,22.716670124563684,0.0009195214419243705,0.9195214419243706,-138.4670929303965,138.4670929303965,284.934185860793,296.7007555512302,True,CONVERGENCE: RELATIVE REDUCTION OF F <= FACTR*EPSMCH,104,0,0.22066356278487495,0.9937574904991493,0.012485019001701403,2.9541274416110355,-0.020170988213540297,old,old,new,0.0007917906484351533,1.9984164187031297,4.940058841312464,-4.3802507833479165e-05,old,old,t0var,0.9929656998507141,-1.9859313997014283,-1.9859313997014283,-0.020127185705706818,new,new,new,old,old,new,140,42,35.84681510925293,4,1031410876,reduced
205,S02_old_typical,old,gamma,10,42.0,3.6,0.018,18.0,0.0001,0.0,0.0,40.37516584998906,3.6700759700669643,0.017043481633867815,17.043481633867817,-141.8088137537682,141.8088137537682,289.6176275075364,298.4425547753643,True,CONVERGENCE: RELATIVE REDUCTION OF F <= FACTR*EPSMCH,33,0,0.24698937699707127,40.37517016222288,3.670075900485335,0.01704349146351012,17.04349146351012,0.0001,-141.80881389710515,141.80881389710515,291.6176277942103,303.38419748464753,True,CONVERGENCE: RELATIVE REDUCTION OF F <= FACTR*EPSMCH,107,0,0.2469893452566816,40.37489211775299,3.670077609090568,0.01704308729500527,17.043087295005268,0.0001,0.1,-141.80904966265265,141.80904966265265,291.6180993253053,303.38466901574253,True,CONVERGENCE: RELATIVE REDUCTION OF F <= FACTR*EPSMCH,104,0,0.24699039722909816,-1.4333696185531153e-07,2.0000002866739237,4.941642709283258,-3.1740389677681335e-08,old,old,new,-0.00023590888446278768,2.0004718177689256,4.94211424037826,1.0202320268881682e-06,old,old,old,0.00023576554750093237,-0.00047153109500186474,-0.00047153109500186474,-1.0519724165658495e-06,new,new,new,old,old,new,140,41,18.217132091522217,5,2484666640,reduced
206,S02_old_typical,old,gamma,10,42.0,3.6,0.018,18.0,0.0001,0.0,0.0,42.717854716741904,3.6772598220553134,0.019017787626504013,19.017787626504013,-140.2596855014287,140.2596855014287,286.5193710028574,295.3442982706853,True,CONVERGENCE: RELATIVE REDUCTION OF F <= FACTR*EPSMCH,33,0,0.23189068550022712,42.71784669387779,3.6772603082078286,0.019017786955208345,19.017786955208344,0.0001,-140.25968557609514,140.25968557609514,288.5193711521903,300.2859408426275,True,CONVERGENCE: RELATIVE REDUCTION OF F <= FACTR*EPSMCH,107,0,0.23189062863089974,50.32685483445796,3.631924179513899,0.027276030556119327,27.276030556119327,0.010489173571597475,10.489173571597474,-138.8885522958192,138.8885522958192,285.7771045916384,297.54367428207564,True,CONVERGENCE: RELATIVE REDUCTION OF F <= FACTR*EPSMCH,104,0,0.22743793915274776,-7.466644547093892e-08,2.000000149332891,4.941642571942225,-5.686932738613315e-08,old,old,new,1.3711332056094818,-0.7422664112189636,2.1993760113903704,-0.004452746347479358,t0var,old,t0var,-1.3711332802759273,2.7422665605518546,2.7422665605518546,0.004452689478151972,t0var,t0var,t0var,t0var,old,t0var,140,41,28.45238709449768,6,3350108232,reduced
207,S02_old_typical,old,gamma,10,42.0,3.6,0.018,18.0,0.0001,0.0,0.0,45.27190536616954,3.6611823786807993,0.018587739554319267,18.587739554319267,-145.2064795418555,145.2064795418555,296.412959083711,305.23788635153886,True,CONVERGENCE: RELATIVE REDUCTION OF F <= FACTR*EPSMCH,33,0,0.19327159411300335,46.77311709257966,3.6525858651195544,0.0187205766259942,18.7205766259942,0.18099178736835006,-145.1000567404544,145.1000567404544,298.2001134809088,309.966683171346,True,CONVERGENCE: RELATIVE REDUCTION OF F <= FACTR*EPSMCH,107,0,0.18390924908147122,45.2715477347589,3.661184113596605,0.01858732034564364,18.58732034564364,0.0001,0.1,-145.20665852603946,145.20665852603946,298.4133170520789,310.17988674251615,True,CONVERGENCE: RELATIVE REDUCTION OF F <= FACTR*EPSMCH,104,0,0.1932705684496009,0.10642280140109506,1.7871543971978099,4.728796819807144,-0.009362345031532132,old,old,new,-0.0001789841839752171,2.0003579683679504,4.9420003909772845,-1.0256634024596867e-06,old,old,t0var,0.10660178558507027,-0.21320357117014055,-0.21320357117014055,-0.009361319368129672,new,new,new,old,old,new,140,43,23.272648811340332,7,2031050389,reduced
208,S02_old_typical,old,gamma,10,42.0,3.6,0.018,18.0,0.0001,0.0,0.0,42.25269471251438,3.497709629726609,0.016526171431805813,16.526171431805814,-146.93117537605832,146.93117537605832,299.86235075211664,308.68727801994453,True,CONVERGENCE: RELATIVE REDUCTION OF F <= FACTR*EPSMCH,33,0,0.1828169884468174,42.62115513002519,3.495121013206268,0.01658443192444511,16.58443192444511,0.0949877701401637,-146.92527783049493,146.92527783049493,301.85055566098987,313.6171253514271,True,CONVERGENCE: RELATIVE REDUCTION OF F <= FACTR*EPSMCH,107,0,0.18322160331873366,46.84821069963847,3.4757356282126057,0.022062106115107474,22.062106115107472,0.01133702960470355,11.337029604703549,-145.39159489941326,145.39159489941326,298.7831897988265,310.54975948926375,True,CONVERGENCE: RELATIVE REDUCTION OF F <= FACTR*EPSMCH,104,0,0.1895642641719167,0.00589754556338562,1.9882049088732288,4.929847331482563,0.000404614871916259,old,old,old,1.5395804766450567,-1.0791609532901134,1.8624814693192207,0.006747275725099311,t0var,old,old,-1.533682931081671,3.067365862163342,3.067365862163342,-0.006342660853183052,t0var,t0var,new,t0var,old,old,140,43,39.052858114242554,8,875175160,reduced
209,S02_old_typical,old,gamma,10,42.0,3.6,0.018,18.0,0.0001,0.0,0.0,42.93451328209717,3.7058050170573775,0.017242326769673737,17.24232676967374,-150.94959842193057,150.94959842193057,307.89919684386115,316.72412411168904,True,CONVERGENCE: RELATIVE REDUCTION OF F <= FACTR*EPSMCH,33,0,0.26850237145118583,43.06202223232564,3.705135086688363,0.017261800584412037,17.261800584412036,0.0570333777859672,-150.94878563184255,150.94878563184255,309.8975712636851,321.66414095412233,True,CONVERGENCE: RELATIVE REDUCTION OF F <= FACTR*EPSMCH,107,0,0.26858727273794797,42.93426270449034,3.705806211707182,0.01724197710647791,17.241977106477908,0.0001,0.1,-150.9496561724115,150.9496561724115,309.899312344823,321.6658820352602,True,CONVERGENCE: RELATIVE REDUCTION OF F <= FACTR*EPSMCH,104,0,0.26850179847830186,0.0008127900880197103,1.9983744198239606,4.940016842433295,8.490128676214015e-05,old,old,old,-5.7750480920049085e-05,2.00011550096184,4.941757923571174,-5.729728839720671e-07,old,old,t0var,0.0008705405689397594,-0.0017410811378795188,-0.0017410811378795188,8.547425964611222e-05,new,new,t0var,old,old,t0var,140,44,28.107447862625122,9,1832837905,reduced
210,S02_old_typical,old,gamma,10,42.0,3.6,0.018,18.0,0.0001,0.0,0.0,48.16413497576685,3.528957192091384,0.019999999830835315,19.999999830835314,-152.8787236766092,152.8787236766092,311.7574473532184,320.5823746210463,True,CONVERGENCE: RELATIVE REDUCTION OF F <= FACTR*EPSMCH,33,0,0.2906634954748268,57.31770060867282,3.499130403706171,0.01999999999127441,19.99999999127441,0.44793356092769215,-150.13032256996075,150.13032256996075,308.2606451399215,320.02721483035873,True,CONVERGENCE: RELATIVE REDUCTION OF F <= FACTR*EPSMCH,107,0,0.2550578284651829,48.17564323367588,3.5289407669495407,0.02002256523695319,20.022565236953188,0.0001,0.1,-152.9137840135891,152.9137840135891,313.8275680271782,325.5941377176154,True,CONVERGENCE: RELATIVE REDUCTION OF F <= FACTR*EPSMCH,104,0,0.2908187991301144,2.7484011066484584,-3.4968022132969168,-0.5551597906875827,-0.035605667009643904,new,new,new,-0.03506033697988187,2.0701206739597637,5.011763096569098,0.00015530365528759749,old,old,old,2.7834614436283402,-5.5669228872566805,-5.5669228872566805,-0.0357609706649315,new,new,new,new,new,new,140,43,39.879862546920776,10,2371040795,reduced
211,S02_old_typical,old,gamma,10,42.0,3.6,0.018,18.0,0.0001,0.0,0.0,43.6301967011965,3.5852947054912385,0.018493047228978897,18.493047228978895,-149.7396279321771,149.7396279321771,305.4792558643542,314.30418313218206,True,CONVERGENCE: RELATIVE REDUCTION OF F <= FACTR*EPSMCH,33,0,0.2263424434725699,47.66924905583964,3.56068729635578,0.01882962735394153,18.82962735394153,0.3042504626337842,-149.00815142494463,149.00815142494463,306.01630284988926,317.7828725403265,True,CONVERGENCE: RELATIVE REDUCTION OF F <= FACTR*EPSMCH,107,0,0.2091416852095799,43.62990407563439,3.585295610013531,0.018492656447613397,18.4926564476134,0.0001,0.1,-149.73970826736416,149.73970826736416,307.47941653472833,319.24598622516555,True,CONVERGENCE: RELATIVE REDUCTION OF F <= FACTR*EPSMCH,104,0,0.22634183457393414,0.7314765072324576,0.5370469855350848,3.478689408144419,-0.01720075826299,old,old,new,-8.033518707861731e-05,2.0001606703741572,4.941803092983491,-6.088986357621895e-07,old,old,t0var,0.7315568424195362,-1.4631136848390724,-1.4631136848390724,-0.01720014936435424,new,new,new,old,old,new,140,42,26.554598808288574,11,4017901498,reduced
212,S02_old_typical,old,gamma,10,42.0,3.6,0.018,18.0,0.0001,0.0,0.0,44.400070344066535,3.737287374511782,0.018928071726528002,18.928071726528003,-147.29526043543385,147.29526043543385,300.5905208708677,309.4154481386956,True,CONVERGENCE: RELATIVE REDUCTION OF F <= FACTR*EPSMCH,33,0,0.2914070235582606,45.780555260969955,3.7266605208400874,0.018992917499057974,18.992917499057974,0.19204870940489932,-147.2043029892933,147.2043029892933,302.4086059785866,314.1751756690238,True,CONVERGENCE: RELATIVE REDUCTION OF F <= FACTR*EPSMCH,107,0,0.28954559192641,51.42867773361668,3.692928554863644,0.026450505020913163,26.450505020913162,0.012001617595126092,12.001617595126092,-145.66992348775486,145.66992348775486,299.3398469755097,311.10641666594694,True,CONVERGENCE: RELATIVE REDUCTION OF F <= FACTR*EPSMCH,104,0,0.30920946499032254,0.09095744614054979,1.8180851077189004,4.7597275303282345,-0.0018614316318505963,old,old,new,1.6253369476789885,-1.250673895357977,1.690968527251357,0.017802441432061944,t0var,old,old,-1.5343795015384387,3.0687590030768774,3.0687590030768774,-0.01966387306391254,t0var,t0var,new,t0var,old,new,140,42,41.66063952445984,12,1576227836,reduced
213,S02_old_typical,old,gamma,10,42.0,3.6,0.018,18.0,0.0001,0.0,0.0,42.01645673518835,3.501655951196613,0.014007085010929878,14.007085010929877,-151.02595340890286,151.02595340890286,308.05190681780573,316.8768340856336,True,CONVERGENCE: RELATIVE REDUCTION OF F <= FACTR*EPSMCH,33,0,0.1769140203157988,42.0164649634735,3.501656030115686,0.014007100302953688,14.007100302953688,0.0001,-151.02595341225128,151.02595341225128,310.05190682450257,321.8184765149398,True,CONVERGENCE: RELATIVE REDUCTION OF F <= FACTR*EPSMCH,107,0,0.1769140653888616,42.33410134661953,3.4996415532581935,0.014337425344723822,14.33742534472382,0.005015685314345482,5.015685314345482,-150.81723022642703,150.81723022642703,309.63446045285406,321.4010301432913,True,CONVERGENCE: RELATIVE REDUCTION OF F <= FACTR*EPSMCH,104,0,0.17878279888610688,-3.348418431414757e-09,2.000000006696837,4.941642429306171,4.507306278211942e-08,old,old,old,0.2087231824758362,1.5825536350483276,4.524196057657662,0.0018687785703080662,old,old,old,-0.20872318582425464,0.4174463716485093,0.4174463716485093,-0.001868733497245284,t0var,t0var,new,old,old,old,140,42,33.81643629074097,13,1025451466,reduced
214,S02_old_typical,old,gamma,10,42.0,3.6,0.018,18.0,0.0001,0.0,0.0,43.616175813426885,3.6926940771251644,0.020000000003928715,20.000000003928715,-132.60435706353553,132.60435706353553,271.20871412707106,280.03364139489895,True,CONVERGENCE: RELATIVE REDUCTION OF F <= FACTR*EPSMCH,33,0,0.1770685200012197,43.61677292873501,3.6926543486268373,0.020000000083427862,20.000000083427864,0.0001,-132.6043571704428,132.6043571704428,273.2087143408856,284.9752840313228,True,CONVERGENCE: RELATIVE REDUCTION OF F <= FACTR*EPSMCH,107,0,0.1770741742398668,43.734064861772325,3.691914523750051,0.020158221555455783,20.158221555455782,0.0001,0.1,-132.61772218914146,132.61772218914146,273.2354443782829,285.00201406872014,True,CONVERGENCE: RELATIVE REDUCTION OF F <= FACTR*EPSMCH,104,0,0.17772516374421313,-1.0690726526263461e-07,2.0000002138145305,4.941642636423865,5.6542386470959105e-06,old,old,old,-0.013365125605929506,2.026730251211859,4.968372673821193,0.0006566437429934291,old,old,old,0.013365018698664244,-0.026730037397328488,-0.026730037397328488,-0.0006509895043463332,new,new,new,old,old,old,140,40,38.40535306930542,14,2178758402,reduced
215,S02_old_typical,old,gamma,10,42.0,3.6,0.018,18.0,0.0001,0.0,0.0,46.11140981523877,3.5067182756802193,0.018272253709120855,18.272253709120854,-137.6085978982717,137.6085978982717,281.2171957965434,290.0421230643713,True,CONVERGENCE: RELATIVE REDUCTION OF F <= FACTR*EPSMCH,33,0,0.2499896132902241,46.11139801785112,3.506718432726856,0.01827225843718955,18.272258437189553,0.0001,-137.6085979938791,137.6085979938791,283.2171959877582,294.9837656781954,True,CONVERGENCE: RELATIVE REDUCTION OF F <= FACTR*EPSMCH,107,0,0.2499895221014884,50.83156470123814,3.4884314487720536,0.02305080276665606,23.05080276665606,0.007298565304023878,7.298565304023878,-137.16574404955315,137.16574404955315,282.3314880991063,294.09805778954353,True,CONVERGENCE: RELATIVE REDUCTION OF F <= FACTR*EPSMCH,104,0,0.23479474176866333,-9.560739044900401e-08,2.000000191214781,4.941642613824115,-9.1188735701353e-08,old,old,new,0.44285384871855626,1.1142923025628875,4.0559347251722215,-0.015194871521560765,old,old,t0var,-0.4428539443259467,0.8857078886518934,0.8857078886518934,0.015194780332825064,t0var,t0var,t0var,old,old,t0var,140,38,19.197207927703857,15,261325898,reduced
216,S02_old_typical,old,gamma,10,42.0,3.6,0.018,18.0,0.0001,0.0,0.0,38.15946889745071,3.6120380029772448,0.017428681428334453,17.428681428334453,-148.83791343911525,148.83791343911525,303.6758268782305,312.5007541460584,True,CONVERGENCE: RELATIVE REDUCTION OF F <= FACTR*EPSMCH,33,0,0.21436729714982053,38.159473031331665,3.612037842065725,0.017428687610059067,17.428687610059068,0.0001,-148.8379134486158,148.8379134486158,305.6758268972316,317.44239658766884,True,CONVERGENCE: RELATIVE REDUCTION OF F <= FACTR*EPSMCH,107,0,0.21436729213575312,38.15924044435791,3.6120393154629125,0.017428322940387427,17.428322940387428,0.0001,0.1,-148.83806652189864,148.83806652189864,305.6761330437973,317.4427027342345,True,CONVERGENCE: RELATIVE REDUCTION OF F <= FACTR*EPSMCH,104,0,0.21436732036990527,-9.500553233010578e-09,2.0000000190011065,4.9416424416104405,-5.014067411268641e-09,old,old,new,-0.00015308278338466152,2.0003061655667693,4.941948588176103,2.322008474386905e-08,old,old,old,0.00015307328283142851,-0.00030614656566285703,-0.00030614656566285703,-2.8234152155137693e-08,new,new,new,old,old,new,140,43,22.626152276992798,16,1432104431,reduced
217,S02_old_typical,old,gamma,10,42.0,3.6,0.018,18.0,0.0001,0.0,0.0,41.43581456270531,3.621042150066375,0.017599399487575596,17.599399487575596,-149.67971726589997,149.67971726589997,305.35943453179993,314.1843617996278,True,CONVERGENCE: RELATIVE REDUCTION OF F <= FACTR*EPSMCH,33,0,0.25304527240022273,41.43587373438121,3.621041844388272,0.01759940533709965,17.59940533709965,0.0001,-149.6797173168379,149.6797173168379,307.3594346336758,319.126004324113,True,CONVERGENCE: RELATIVE REDUCTION OF F <= FACTR*EPSMCH,107,0,0.2530453321288585,43.20571983562776,3.6109465898110504,0.020030225189614274,20.030225189614274,0.007442310935463431,7.442310935463431,-149.60557674957715,149.60557674957715,307.2111534991543,318.97772318959153,True,CONVERGENCE: RELATIVE REDUCTION OF F <= FACTR*EPSMCH,104,0,0.25795607972472423,-5.093792765364924e-08,2.0000001018758553,4.941642524485189,5.972863575953724e-08,old,old,old,0.07414051632281371,1.8517189673543726,4.793361389963707,0.004910807324501498,old,old,old,-0.07414056726074136,0.14828113452148273,0.14828113452148273,-0.004910747595865739,t0var,t0var,new,old,old,old,140,43,27.469069004058838,17,703119898,reduced
218,S02_old_typical,old,gamma,10,42.0,3.6,0.018,18.0,0.0001,0.0,0.0,39.25288726976309,3.6226489576526917,0.01883507708288278,18.83507708288278,-146.06748296694911,146.06748296694911,298.13496593389823,306.9598932017261,True,CONVERGENCE: RELATIVE REDUCTION OF F <= FACTR*EPSMCH,33,0,0.1776296890910955,39.85724869928639,3.6170296029242572,0.018873445087415373,18.873445087415373,0.1340651841418585,-146.03759414426986,146.03759414426986,300.0751882885397,311.84175797897694,True,CONVERGENCE: RELATIVE REDUCTION OF F <= FACTR*EPSMCH,107,0,0.17630068489633893,43.57376634363705,3.595849590755142,0.024865422654116048,24.86542265411605,0.009381577408238966,9.381577408238966,-145.32579147074364,145.32579147074364,298.6515829414873,310.4181526319245,True,CONVERGENCE: RELATIVE REDUCTION OF F <= FACTR*EPSMCH,104,0,0.17985976598951245,0.02988882267925419,1.9402223546414916,4.881864777250826,-0.0013290041947565667,old,old,new,0.7416914962054761,0.5166170075890477,3.458259430198382,0.0022300768984169494,old,old,old,-0.711802673526222,1.423605347052444,1.423605347052444,-0.003559081093173516,t0var,t0var,new,old,old,new,140,44,28.40462899208069,18,1214280343,reduced
219,S02_old_typical,old,gamma,10,42.0,3.6,0.018,18.0,0.0001,0.0,0.0,38.50290297009258,3.7050807716824536,0.017592755288939402,17.5927552889394,-146.487788169381,146.487788169381,298.975576338762,307.80050360658987,True,CONVERGENCE: RELATIVE REDUCTION OF F <= FACTR*EPSMCH,33,0,0.29374620761592646,38.77622778531172,3.7022756491766406,0.017628785992416077,17.628785992416077,0.08948776664527004,-146.48182150617356,146.48182150617356,300.9636430123471,312.73021270278434,True,CONVERGENCE: RELATIVE REDUCTION OF F <= FACTR*EPSMCH,107,0,0.2938094799022025,38.50266564628924,3.7050826917662545,0.01759239935761494,17.59239935761494,0.0001,0.1,-146.48796156355476,146.48796156355476,300.9759231271095,312.74249281754675,True,CONVERGENCE: RELATIVE REDUCTION OF F <= FACTR*EPSMCH,104,0,0.2937467598155208,0.005966663207431111,1.9880666735851378,4.929709096194472,6.327228627606152e-05,old,old,old,-0.0001733941737711575,2.0003467883475423,4.941989210956876,5.521995943280622e-07,old,old,old,0.0061400573812022685,-0.012280114762404537,-0.012280114762404537,6.272008668173346e-05,new,new,t0var,old,old,old,140,41,20.641801357269287,19,548426132,reduced
220,S02_old_typical,old,gamma,10,42.0,3.6,0.018,18.0,0.0001,0.0,0.0,37.22380881596716,3.6819509280312563,0.013071553603110884,13.071553603110884,-158.49652077694986,158.49652077694986,322.99304155389973,331.8179688217276,True,CONVERGENCE: RELATIVE REDUCTION OF F <= FACTR*EPSMCH,33,0,0.33713285570377827,39.04344913586188,3.6621947512355177,0.01369984342969234,13.69984342969234,0.2141810467436299,-158.33360479605116,158.33360479605116,324.6672095921023,336.43377928253955,True,CONVERGENCE: RELATIVE REDUCTION OF F <= FACTR*EPSMCH,107,0,0.3338280146177436,37.22360609265865,3.6819520110230908,0.013071186708683204,13.071186708683204,0.0001,0.1,-158.4966392370732,158.4966392370732,324.9932784741464,336.7598481645836,True,CONVERGENCE: RELATIVE REDUCTION OF F <= FACTR*EPSMCH,104,0,0.3371328808048882,0.16291598089870263,1.6741680382025947,4.615810460811929,-0.003304841086034682,old,old,new,-0.00011846012333194267,2.000236920246664,4.941879342855998,2.5101109912828434e-08,old,old,old,0.16303444102203457,-0.32606888204406914,-0.32606888204406914,-0.003304866187144595,new,new,new,old,old,new,140,42,19.70573139190674,20,1210451926,reduced
221,S02_old_typical,old,gamma,10,42.0,3.6,0.018,18.0,0.0001,0.0,0.0,44.406365890043126,3.6360851919200647,0.018402877484100067,18.402877484100067,-145.06620304263024,145.06620304263024,296.13240608526047,304.95733335308836,True,CONVERGENCE: RELATIVE REDUCTION OF F <= FACTR*EPSMCH,33,0,0.3688661159616792,45.152607418205186,3.630718606017455,0.018490499015750294,18.490499015750295,0.12321349684595018,-145.03838561458778,145.03838561458778,298.07677122917556,309.8433409196128,True,CONVERGENCE: RELATIVE REDUCTION OF F <= FACTR*EPSMCH,107,0,0.36767508767019697,44.40605428337729,3.636086794493156,0.018402493554902876,18.402493554902875,0.0001,0.1,-145.06633318693088,145.06633318693088,298.13266637386175,309.899236064299,True,CONVERGENCE: RELATIVE REDUCTION OF F <= FACTR*EPSMCH,104,0,0.3688654137181964,0.027817428042453685,1.9443651439150926,4.886007566524427,-0.0011910282914822101,old,old,new,-0.00013014430064117732,2.0002602886012824,4.941902711210616,-7.02243482753051e-07,old,old,t0var,0.027947572343094862,-0.055895144686189724,-0.055895144686189724,-0.001190326047999457,new,new,new,old,old,new,140,39,21.45955181121826,21,1508193007,reduced
222,S02_old_typical,old,gamma,10,42.0,3.6,0.018,18.0,0.0001,0.0,0.0,45.54008699543886,3.53985770805035,0.017434383834632645,17.434383834632644,-146.28614440109462,146.28614440109462,298.57228880218923,307.3972160700171,True,CONVERGENCE: RELATIVE REDUCTION OF F <= FACTR*EPSMCH,33,0,0.1572887826424491,46.81733975990136,3.5333750176796777,0.017611558692731222,17.611558692731222,0.16223999439902045,-146.21099868228129,146.21099868228129,300.42199736456257,312.1885670549998,True,CONVERGENCE: RELATIVE REDUCTION OF F <= FACTR*EPSMCH,107,0,0.15119137160213533,45.5397586874141,3.5398587800384806,0.01743398402604337,17.43398402604337,0.0001,0.1,-146.28629101486993,146.28629101486993,300.57258202973986,312.3391517201771,True,CONVERGENCE: RELATIVE REDUCTION OF F <= FACTR*EPSMCH,104,0,0.15728865965115685,0.07514571881333154,1.849708562373337,4.791350984982671,-0.006097411040313777,old,old,new,-0.00014661377531410835,2.000293227550628,4.941935650159962,-1.2299129226178707e-07,old,old,t0var,0.07529233258864565,-0.1505846651772913,-0.1505846651772913,-0.006097288049021515,new,new,new,old,old,new,140,42,19.457834005355835,22,366709856,reduced
223,S02_old_typical,old,gamma,10,42.0,3.6,0.018,18.0,0.0001,0.0,0.0,42.731627518144215,3.7414460286534896,0.023045760347709714,23.045760347709713,-143.21036690081536,143.21036690081536,292.4207338016307,301.2456610694586,True,CONVERGENCE: RELATIVE REDUCTION OF F <= FACTR*EPSMCH,33,0,0.22628709150948143,46.933374141197675,3.718071424288222,0.025100782673927145,25.100782673927146,0.26633103579925044,-142.84268878448628,142.84268878448628,293.68537756897257,305.4519472594098,True,CONVERGENCE: RELATIVE REDUCTION OF F <= FACTR*EPSMCH,107,0,0.22374610361260508,42.829677432753456,3.7407827997799763,0.023170096604049433,23.170096604049434,0.0012708704006172762,1.2708704006172762,-143.2049496048289,143.2049496048289,294.4098992096578,306.176468900095,True,CONVERGENCE: RELATIVE REDUCTION OF F <= FACTR*EPSMCH,104,0,0.2261071667183773,0.3676781163290741,1.2646437673418518,4.206286189951186,-0.0025409878968763455,old,old,new,0.005417295986461568,1.9891654080270769,4.930807830636411,-0.00017992479110412463,old,old,t0var,0.36226082034261253,-0.7245216406852251,-0.7245216406852251,-0.002361063105772221,new,new,new,old,old,new,140,42,33.08111023902893,23,1478520530,reduced
224,S02_old_typical,old,gamma,10,42.0,3.6,0.018,18.0,0.0001,0.0,0.0,39.53026467083859,3.5700984105978644,0.017880338286665277,17.88033828666528,-151.26717127317522,151.26717127317522,308.53434254635044,317.35926981417833,True,CONVERGENCE: RELATIVE REDUCTION OF F <= FACTR*EPSMCH,33,0,0.20925070234477405,43.06010138867144,3.541403727891882,0.01814189682709854,18.14189682709854,0.33263489683199665,-150.67115661085157,150.67115661085157,309.34231322170314,321.10888291214036,True,CONVERGENCE: RELATIVE REDUCTION OF F <= FACTR*EPSMCH,107,0,0.22079215938890315,46.424150652783,3.532009694221135,0.026621562704013804,26.621562704013805,0.015935172816321935,15.935172816321934,-149.69888927873507,149.69888927873507,307.39777855747013,319.16434824790736,True,CONVERGENCE: RELATIVE REDUCTION OF F <= FACTR*EPSMCH,104,0,0.21745352457083417,0.596014662323654,0.8079706753526921,3.749613097962026,0.011541457044129094,old,old,old,1.5682819944401558,-1.1365639888803116,1.8050784337290224,0.008202822226060114,t0var,old,old,-0.9722673321165018,1.9445346642330037,1.9445346642330037,0.0033386348180689807,t0var,t0var,t0var,t0var,old,old,140,44,23.04656434059143,24,2069373893,reduced
225,S02_old_typical,old,gamma,10,42.0,3.6,0.018,18.0,0.0001,0.0,0.0,43.41648610325271,3.657086499979341,0.017298385449995284,17.298385449995283,-148.35599663280004,148.35599663280004,302.7119932656001,311.536920533428,True,CONVERGENCE: RELATIVE REDUCTION OF F <= FACTR*EPSMCH,33,0,0.19207500148240383,44.84325785189769,3.6485835896033474,0.017517373797878006,17.517373797878005,0.1769196999643881,-148.23684283953276,148.23684283953276,304.4736856790655,316.24025536950273,True,CONVERGENCE: RELATIVE REDUCTION OF F <= FACTR*EPSMCH,107,0,0.18719325671713502,43.41618287056758,3.6570879623567625,0.01729798835840277,17.29798835840277,0.0001,0.1,-148.3561636041487,148.3561636041487,304.7123272082974,316.4788968987346,True,CONVERGENCE: RELATIVE REDUCTION OF F <= FACTR*EPSMCH,104,0,0.19207455780305752,0.11915379326728726,1.7616924134654255,4.7033348360747596,-0.004881744765268814,old,old,new,-0.00016697134864784857,2.0003339426972957,4.94197636530663,-4.4367934631805994e-07,old,old,t0var,0.1193207646159351,-0.2386415292318702,-0.2386415292318702,-0.004881301085922496,new,new,new,old,old,new,140,43,22.912607431411743,25,403678582,reduced
226,S05_new_moderateVar,new,gamma,10,42.0,3.6,0.018,18.0,0.3,0.0,0.0,40.534331324986915,3.5719910947737277,0.017525808247303393,17.525808247303395,-146.3848582332425,146.3848582332425,298.769716466485,307.5946437343129,True,CONVERGENCE: RELATIVE REDUCTION OF F <= FACTR*EPSMCH,33,0,0.18507239518274846,40.534321343675714,3.571991228583114,0.017525807641818096,17.525807641818098,0.0001,-146.38485826245073,146.38485826245073,300.76971652490147,312.5362862153387,True,CONVERGENCE: RELATIVE REDUCTION OF F <= FACTR*EPSMCH,107,0,0.185072420867521,40.53403087879106,3.571992512300402,0.01752541777330953,17.525417773309528,0.0001,0.1,-146.38504216902328,146.38504216902328,300.77008433804656,312.5366540284838,True,CONVERGENCE: RELATIVE REDUCTION OF F <= FACTR*EPSMCH,104,0,0.18507248981890997,-2.9208223395471578e-08,2.000000058416447,4.941642481025781,2.5684772531064937e-08,old,old,old,-0.0001839357807682518,2.0003678715615365,4.942010294170871,9.463616151839105e-08,old,old,old,0.00018390657254485632,-0.00036781314508971263,-0.00036781314508971263,-6.895138898732611e-08,new,new,new,old,old,old,140,44,18.210129022598267,1,3793928842,reduced
227,S05_new_moderateVar,new,gamma,10,42.0,3.6,0.018,18.0,0.3,0.0,0.0,45.254217420404494,3.697091768167609,0.018579653666231565,18.579653666231565,-155.24561434827766,155.24561434827766,316.4912286965553,325.3161559643832,True,CONVERGENCE: RELATIVE REDUCTION OF F <= FACTR*EPSMCH,33,0,0.24553424041879204,51.496979567128406,3.664033380915294,0.018977289915848985,18.977289915848985,0.37390642065507357,-153.64973087662605,153.64973087662605,315.2994617532521,327.0660314436893,True,CONVERGENCE: RELATIVE REDUCTION OF F <= FACTR*EPSMCH,107,0,0.23622001948237042,45.24359532800496,3.6971473881150394,0.01856650660912351,18.566506609123508,0.0005746715995552606,0.5746715995552606,-155.24524730770324,155.24524730770324,318.4904946154065,330.2570643058437,True,CONVERGENCE: RELATIVE REDUCTION OF F <= FACTR*EPSMCH,104,0,0.24551406808057472,1.5958834716516037,-1.1917669433032074,1.7498754793061266,-0.009314220936421619,new,old,new,0.0003670405744173877,1.9992659188511652,4.940908341460499,-2.0172338217328e-05,old,old,t0var,1.5955164310771863,-3.1910328621543727,-3.1910328621543727,-0.00929404859820429,new,new,new,new,old,new,140,43,39.109551668167114,2,3763171948,reduced
228,S05_new_moderateVar,new,gamma,10,42.0,3.6,0.018,18.0,0.3,0.0,0.0,43.60241377930253,3.4709010321150484,0.019999999983714014,19.999999983714012,-152.346310685193,152.346310685193,310.692621370386,319.5175486382139,True,CONVERGENCE: RELATIVE REDUCTION OF F <= FACTR*EPSMCH,33,0,0.40449352099669256,53.59502927243236,3.422848457260819,0.01999999979825681,19.99999979825681,0.48260586571101616,-149.05823174436657,149.05823174436657,306.11646348873313,317.88303317917035,True,CONVERGENCE: RELATIVE REDUCTION OF F <= FACTR*EPSMCH,107,0,0.39521391950294416,43.61117068220073,3.4708295988882063,0.020022555638483337,20.022555638483336,0.0001,0.1,-152.37918805844114,152.37918805844114,312.7583761168823,324.5249458073195,True,CONVERGENCE: RELATIVE REDUCTION OF F <= FACTR*EPSMCH,104,0,0.4045847187635059,3.2880789408264377,-4.576157881652875,-1.6345154590435413,-0.009279601493748402,new,new,new,-0.032877373248140884,2.0657547464962818,5.007397169105616,9.119776681332237e-05,old,old,old,3.3209563140745786,-6.641912628149157,-6.641912628149157,-0.009370799260561724,new,new,new,new,new,new,140,42,38.77657413482666,3,4068312275,reduced
229,S05_new_moderateVar,new,gamma,10,42.0,3.6,0.018,18.0,0.3,0.0,0.0,45.02071247417011,3.5116250117007093,0.0156039472267498,15.6039472267498,-151.7783947443254,151.7783947443254,309.5567894886508,318.3817167564787,True,CONVERGENCE: RELATIVE REDUCTION OF F <= FACTR*EPSMCH,33,0,0.23567235788924723,48.75064270782687,3.493568189574332,0.016394799632231952,16.39479963223195,0.26603881086155856,-151.37016548563074,151.37016548563074,310.74033097126147,322.5069006616987,True,CONVERGENCE: RELATIVE REDUCTION OF F <= FACTR*EPSMCH,107,0,0.22148519459075977,45.02037221447199,3.511626160247044,0.015603520275734277,15.603520275734276,0.0001,0.1,-151.77851674931293,151.77851674931293,311.55703349862586,323.3236031890631,True,CONVERGENCE: RELATIVE REDUCTION OF F <= FACTR*EPSMCH,104,0,0.23567207325593328,0.40822925869466076,1.1835414826106785,4.1251839052200125,-0.01418716329848746,old,old,new,-0.00012200498753145439,2.000244009975063,4.941886432584397,-2.8463331394612545e-07,old,old,t0var,0.4083512636821922,-0.8167025273643844,-0.8167025273643844,-0.014186878665173513,new,new,new,old,old,new,140,45,19.708863019943237,4,514251427,reduced
230,S05_new_moderateVar,new,gamma,10,42.0,3.6,0.018,18.0,0.3,0.0,0.0,36.45274747375982,3.6961732415242383,0.020000000001275383,20.00000000127538,-151.5940160512127,151.5940160512127,309.1880321024254,318.01295937025327,True,CONVERGENCE: RELATIVE REDUCTION OF F <= FACTR*EPSMCH,33,0,0.18960619822263525,39.59681570389016,3.6645740979332806,0.01999999999965505,19.99999999965505,0.3276277039332847,-150.7319450917726,150.7319450917726,309.4638901835452,321.2304598739824,True,CONVERGENCE: RELATIVE REDUCTION OF F <= FACTR*EPSMCH,107,0,0.18116138046305305,36.4872935985215,3.6959206044511657,0.02006769009422655,20.06769009422655,0.0001,0.1,-151.61618840023343,151.61618840023343,311.23237680046685,322.9989464909041,True,CONVERGENCE: RELATIVE REDUCTION OF F <= FACTR*EPSMCH,104,0,0.18979750713176902,0.8620709594401035,0.27585808111979304,3.217500503729127,-0.008444817759582196,old,old,new,-0.022172349020735282,2.0443446980414706,4.985987120650805,0.0001913089091337694,old,old,old,0.8842433084608388,-1.7684866169216775,-1.7684866169216775,-0.008636126668715965,new,new,new,old,old,new,140,45,43.95842957496643,5,117612189,reduced
231,S05_new_moderateVar,new,gamma,10,42.0,3.6,0.018,18.0,0.3,0.0,0.0,46.21219909640186,3.572185982950909,0.019027860655600706,19.027860655600705,-147.61481055497532,147.61481055497532,301.22962110995064,310.05454837777853,True,CONVERGENCE: RELATIVE REDUCTION OF F <= FACTR*EPSMCH,33,0,0.19649026683071572,50.350242264105034,3.5537687985125417,0.01916429359972457,19.16429359972457,0.32127476910188113,-146.85370438154206,146.85370438154206,301.7074087630841,313.47397845352134,True,CONVERGENCE: RELATIVE REDUCTION OF F <= FACTR*EPSMCH,107,0,0.20132231928953612,50.30575886252742,3.5558432621615013,0.023483993782421605,23.483993782421607,0.006569199348876014,6.5691993488760145,-147.28432832224908,147.28432832224908,302.56865664449816,314.3352263349354,True,CONVERGENCE: RELATIVE REDUCTION OF F <= FACTR*EPSMCH,104,0,0.18562794486743855,0.7611061734332623,0.4777876531334755,3.4194300757428095,0.004832052458820402,old,old,old,0.33048223272624,1.33903553454752,4.280677957156854,-0.01086232196327716,old,old,t0var,0.43062394070702226,-0.8612478814140445,-0.8612478814140445,0.015694374422097562,new,new,t0var,old,old,t0var,140,42,25.379700660705566,6,4162151639,reduced
232,S05_new_moderateVar,new,gamma,10,42.0,3.6,0.018,18.0,0.3,0.0,0.0,36.70082218533668,3.727264422649241,0.01804119967277444,18.04119967277444,-157.64030787279472,157.64030787279472,321.28061574558944,330.10554301341733,True,CONVERGENCE: RELATIVE REDUCTION OF F <= FACTR*EPSMCH,33,0,0.213420602116838,41.535015110731656,3.6775104659596454,0.01864537321181241,18.645373211812412,0.37472356723175765,-156.21823827763222,156.21823827763222,320.43647655526445,332.20304624570167,True,CONVERGENCE: RELATIVE REDUCTION OF F <= FACTR*EPSMCH,107,0,0.2009517495504978,36.70065224203767,3.7272654991869607,0.01804089686230663,18.040896862306628,0.0001,0.1,-157.64035387787288,157.64035387787288,323.28070775574577,335.047277446183,True,CONVERGENCE: RELATIVE REDUCTION OF F <= FACTR*EPSMCH,104,0,0.213420122368829,1.4220695951624975,-0.8441391903249951,2.097503232284339,-0.0124688525663402,new,old,new,-4.600507816121535e-05,2.0000920101563224,4.9417344327656565,-4.797480089857586e-07,old,old,t0var,1.4221156002406588,-2.8442312004813175,-2.8442312004813175,-0.012468372818331214,new,new,new,new,old,new,140,44,24.85388731956482,7,3941715874,reduced
233,S05_new_moderateVar,new,gamma,10,42.0,3.6,0.018,18.0,0.3,0.0,0.0,38.90457464090353,3.6858517431325146,0.014148425709782194,14.148425709782193,-157.77274181425958,157.77274181425958,321.54548362851915,330.37041089634704,True,CONVERGENCE: RELATIVE REDUCTION OF F <= FACTR*EPSMCH,33,0,0.21352301944623078,39.784142372828086,3.6795316563226046,0.014350306679148139,14.350306679148138,0.16373851672435963,-157.72898807015446,157.72898807015446,323.4579761403089,335.22454583074614,True,CONVERGENCE: RELATIVE REDUCTION OF F <= FACTR*EPSMCH,107,0,0.21656868191427436,38.90436038333703,3.6858529689666115,0.014148066399249598,14.148066399249597,0.0001,0.1,-157.77286159205394,157.77286159205394,323.5457231841079,335.3122928745451,True,CONVERGENCE: RELATIVE REDUCTION OF F <= FACTR*EPSMCH,104,0,0.2135231476952403,0.043753744105117676,1.9124925117897646,4.854134934399099,0.0030456624680435807,old,old,old,-0.00011977779436733726,2.0002395555887347,4.941881978198069,1.2824900952335128e-07,old,old,old,0.04387352189948501,-0.08774704379897003,-0.08774704379897003,0.0030455342190340573,new,new,t0var,old,old,old,140,42,18.78177261352539,8,3442941049,reduced
234,S05_new_moderateVar,new,gamma,10,42.0,3.6,0.018,18.0,0.3,0.0,0.0,37.13449413553002,3.754799218258999,0.016096338116720996,16.096338116720997,-151.86585517188274,151.86585517188274,309.7317103437655,318.5566376115934,True,CONVERGENCE: RELATIVE REDUCTION OF F <= FACTR*EPSMCH,33,0,0.15505094577479614,37.1344817038402,3.7547995248930683,0.016096337144081554,16.096337144081556,0.0001,-151.86585519301772,151.86585519301772,311.73171038603545,323.49828007647267,True,CONVERGENCE: RELATIVE REDUCTION OF F <= FACTR*EPSMCH,107,0,0.15505090266633795,37.13429654140063,3.754800391308198,0.01609599560871139,16.095995608711387,0.0001,0.1,-151.8659708389003,151.8659708389003,311.7319416778006,323.4985113682378,True,CONVERGENCE: RELATIVE REDUCTION OF F <= FACTR*EPSMCH,104,0,0.15505085316097766,-2.113497998834646e-08,2.00000004226996,4.941642464879294,-4.310845819199827e-08,old,old,new,-0.00011566701755327813,2.0002313340351066,4.941873756644441,-9.261381847536221e-08,old,old,t0var,0.00011564588257328978,-0.00023129176514657956,-0.00023129176514657956,4.950536028336394e-08,new,new,t0var,old,old,t0var,140,43,22.315147876739502,9,521943878,reduced
235,S05_new_moderateVar,new,gamma,10,42.0,3.6,0.018,18.0,0.3,0.0,0.0,38.338031848696545,3.6548374765205325,0.015371358590159983,15.371358590159984,-164.22210549935917,164.22210549935917,334.44421099871835,343.26913826654624,True,CONVERGENCE: RELATIVE REDUCTION OF F <= FACTR*EPSMCH,33,0,0.2412501929090755,50.17753929590187,3.5511262074213326,0.016849216517292025,16.849216517292025,0.5638852295584611,-159.99660061613775,159.99660061613775,327.9932012322755,339.75977092271273,True,CONVERGENCE: RELATIVE REDUCTION OF F <= FACTR*EPSMCH,107,0,0.27368783759943255,44.329827013947266,3.6009213705094423,0.023007349754410485,23.007349754410484,0.023379933545395085,23.379933545395087,-161.32799824580596,161.32799824580596,330.6559964916119,342.42256618204914,False,ABNORMAL: ,104,0,0.24757215301934624,4.225504883221419,-6.451009766442837,-3.509367343833503,0.03243764469035704,new,new,old,2.8941072535532157,-3.7882145071064315,-0.8465720844970974,0.006321960110270725,t0var,t0var,old,1.3313976296682029,-2.6627952593364057,-2.6627952593364057,0.026115684580086312,new,new,t0var,new,new,old,140,46,31.693117380142212,10,2864368672,reduced
236,S05_new_moderateVar,new,gamma,10,42.0,3.6,0.018,18.0,0.3,0.0,0.0,41.26723110153078,3.667243548093044,0.018863188572614042,18.863188572614042,-141.6669874988489,141.6669874988489,289.3339749976978,298.1589022655257,True,CONVERGENCE: RELATIVE REDUCTION OF F <= FACTR*EPSMCH,33,0,0.14965478270632118,41.267241301005505,3.6672433395748056,0.01886318953231917,18.863189532319172,0.0001,-141.6669876066984,141.6669876066984,291.3339752133968,303.100544903834,True,CONVERGENCE: RELATIVE REDUCTION OF F <= FACTR*EPSMCH,107,0,0.14965484584359698,41.26692600184709,3.667245586593586,0.01886280645965909,18.86280645965909,0.0001,0.1,-141.66717854225593,141.66717854225593,291.33435708451185,303.1009267749491,True,CONVERGENCE: RELATIVE REDUCTION OF F <= FACTR*EPSMCH,104,0,0.1496546927033358,-1.0784950177367136e-07,2.0000002156990035,4.941642638308338,6.313727579643214e-08,old,old,old,-0.0001910434070282463,2.0003820868140565,4.9420245094233906,-9.000298537009677e-08,old,old,t0var,0.00019093555752647262,-0.00038187111505294524,-0.00038187111505294524,1.531402611665289e-07,new,new,t0var,old,old,t0var,140,43,22.868962287902832,11,3211981669,reduced
237,S05_new_moderateVar,new,gamma,10,42.0,3.6,0.018,18.0,0.3,0.0,0.0,41.14262702397256,3.720834885627239,0.017955896616137865,17.955896616137867,-149.74055349516178,149.74055349516178,305.48110699032355,314.30603425815144,True,CONVERGENCE: RELATIVE REDUCTION OF F <= FACTR*EPSMCH,33,0,0.31343376534996625,44.34798369318491,3.699021497143366,0.018201861039720355,18.201861039720356,0.30504117703690464,-148.9741382336508,148.9741382336508,305.9482764673016,317.7148461577388,True,CONVERGENCE: RELATIVE REDUCTION OF F <= FACTR*EPSMCH,107,0,0.3207719868746712,45.01255603190166,3.695505165196182,0.02280558450095814,22.80558450095814,0.00876940581690605,8.769405816906051,-149.42385404089995,149.42385404089995,306.8477080817999,318.61427777223713,True,CONVERGENCE: RELATIVE REDUCTION OF F <= FACTR*EPSMCH,104,0,0.2970114258401008,0.7664152615109856,0.4671694769780288,3.408811899587363,0.007338221524704924,old,old,old,0.31669945426182267,1.3666010914763547,4.308243514085689,-0.016422339509865436,old,old,t0var,0.44971580724916294,-0.8994316144983259,-0.8994316144983259,0.02376056103457036,new,new,t0var,old,old,t0var,140,44,24.68126392364502,12,1241639944,reduced
238,S05_new_moderateVar,new,gamma,10,42.0,3.6,0.018,18.0,0.3,0.0,0.0,38.02757249900052,3.762373562998275,0.0163725885033874,16.3725885033874,-162.87000626255247,162.87000626255247,331.74001252510493,340.5649397929328,True,CONVERGENCE: RELATIVE REDUCTION OF F <= FACTR*EPSMCH,33,0,0.31963535590173947,49.307796337549455,3.6275308266203172,0.018041258646670364,18.041258646670364,0.5077303455095219,-158.81873014480968,158.81873014480968,325.63746028961936,337.4040299800566,True,CONVERGENCE: RELATIVE REDUCTION OF F <= FACTR*EPSMCH,107,0,0.28483002962645354,38.02738659377108,3.76237464558584,0.016372252660667802,16.3722526606678,0.0001,0.1,-162.87007153432504,162.87007153432504,333.74014306865007,345.5067127590873,True,CONVERGENCE: RELATIVE REDUCTION OF F <= FACTR*EPSMCH,104,0,0.31963534870145893,4.051276117742788,-6.102552235485575,-3.160909812876241,-0.03480532627528593,new,new,new,-6.527177256998584e-05,2.00013054354514,4.941772966154474,-7.2002805384663304e-09,old,old,t0var,4.051341389515358,-8.102682779030715,-8.102682779030715,-0.03480531907500539,new,new,new,new,new,new,140,46,24.591858386993408,13,3850527266,reduced
239,S05_new_moderateVar,new,gamma,10,42.0,3.6,0.018,18.0,0.3,0.0,0.0,41.91658780351278,3.527617625294011,0.016179166810129857,16.179166810129857,-150.56788063545656,150.56788063545656,307.1357612709131,315.960688538741,True,CONVERGENCE: RELATIVE REDUCTION OF F <= FACTR*EPSMCH,33,0,0.16703756027052857,44.81079786634768,3.509799220236244,0.016692333686425174,16.692333686425172,0.2579237153070843,-150.1321536630304,150.1321536630304,308.2643073260608,320.03087701649804,True,CONVERGENCE: RELATIVE REDUCTION OF F <= FACTR*EPSMCH,107,0,0.1639316529957225,41.916323323059615,3.5276185775874955,0.016178789907509365,16.178789907509366,0.0001,0.1,-150.56797618639888,150.56797618639888,309.13595237279776,320.902522063235,True,CONVERGENCE: RELATIVE REDUCTION OF F <= FACTR*EPSMCH,104,0,0.16703823286433292,0.43572697242615277,1.1285460551476945,4.0701884777570285,-0.0031059072748060856,old,old,new,-9.555094231927796e-05,2.0001911018846386,4.941833524493973,6.725938043461444e-07,old,old,old,0.43582252336847205,-0.8716450467369441,-0.8716450467369441,-0.0031065798686104318,new,new,new,old,old,new,140,43,20.50106930732727,14,3238016945,reduced
240,S05_new_moderateVar,new,gamma,10,42.0,3.6,0.018,18.0,0.3,0.0,0.0,36.458181850833334,3.61210482734107,0.017732890252888246,17.732890252888247,-161.9795155927635,161.9795155927635,329.959031185527,338.7839584533549,True,CONVERGENCE: RELATIVE REDUCTION OF F <= FACTR*EPSMCH,33,0,0.2780865935523981,43.176132505346736,3.5576678519107463,0.018691292772125705,18.691292772125706,0.4327654563679679,-159.55192144348047,159.55192144348047,327.10384288696093,338.87041257739816,True,CONVERGENCE: RELATIVE REDUCTION OF F <= FACTR*EPSMCH,107,0,0.24111042895239315,36.4580309606782,3.612105298445554,0.01773258237056331,17.73258237056331,0.0001,0.1,-161.97955006849602,161.97955006849602,331.95910013699205,343.7256698274293,True,CONVERGENCE: RELATIVE REDUCTION OF F <= FACTR*EPSMCH,104,0,0.27808594412061793,2.4275941492830384,-2.855188298566077,0.08645412404325725,-0.03697616460000497,new,old,new,-3.447573251946778e-05,2.000068951465039,4.941711374074373,-6.494317801863936e-07,old,old,t0var,2.427628625015558,-4.855257250031116,-4.855257250031116,-0.03697551516822478,new,new,new,new,old,new,140,45,29.01618719100952,15,721252997,reduced
241,S05_new_moderateVar,new,gamma,10,42.0,3.6,0.018,18.0,0.3,0.0,0.0,41.20313571697341,3.6189724686611275,0.019999999828136508,19.99999982813651,-143.56765372655767,143.56765372655767,293.13530745311533,301.9602347209432,True,CONVERGENCE: RELATIVE REDUCTION OF F <= FACTR*EPSMCH,33,0,0.2992846152580254,43.626403694919034,3.601170096415393,0.020000000051371605,20.000000051371604,0.2531726082812583,-143.1328605821525,143.1328605821525,294.265721164305,306.0322908547422,True,CONVERGENCE: RELATIVE REDUCTION OF F <= FACTR*EPSMCH,107,0,0.2890920713906218,41.273970555948615,3.618622498150892,0.020112897321753014,20.112897321753014,0.0001,0.1,-143.58592436999405,143.58592436999405,295.1718487399881,306.9384184304253,True,CONVERGENCE: RELATIVE REDUCTION OF F <= FACTR*EPSMCH,104,0,0.29932123310139075,0.4347931444051767,1.1304137111896466,4.072056133798981,-0.010192543867403592,old,old,new,-0.01827064343638085,2.0365412868727617,4.978183709482096,3.6617843365338576e-05,old,old,old,0.45306378784155754,-0.9061275756831151,-0.9061275756831151,-0.01022916171076893,new,new,new,old,old,new,140,42,36.61250138282776,16,2481771860,reduced
242,S05_new_moderateVar,new,gamma,10,42.0,3.6,0.018,18.0,0.3,0.0,0.0,42.60172240479187,3.6293594774536033,0.01771540562427115,17.71540562427115,-152.51868475154504,152.51868475154504,311.0373695030901,319.86229677091796,True,CONVERGENCE: RELATIVE REDUCTION OF F <= FACTR*EPSMCH,33,0,0.2760598781272991,47.10490473112697,3.5957120239818066,0.018127095638965158,18.12709563896516,0.3303599967486007,-151.74968855760184,151.74968855760184,311.4993771152037,323.2659468056409,True,CONVERGENCE: RELATIVE REDUCTION OF F <= FACTR*EPSMCH,107,0,0.2678979228502334,42.6014185408334,3.6293609395453896,0.017715001654873722,17.71500165487372,0.0001,0.1,-152.51880932532956,152.51880932532956,313.0376186506591,324.80418834109634,True,CONVERGENCE: NORM OF PROJECTED GRADIENT <= PGTOL,104,0,0.27605990979797035,0.7689961939431953,0.4620076121136094,3.4036500347229435,-0.008161955277065702,old,old,new,-0.00012457378451813383,2.0002491475690363,4.94189157017837,3.167067125220413e-08,old,old,old,0.7691207677277134,-1.5382415354554269,-1.5382415354554269,-0.008161986947736954,new,new,new,old,old,new,140,43,29.791089057922363,17,1423623685,reduced
243,S05_new_moderateVar,new,gamma,10,42.0,3.6,0.018,18.0,0.3,0.0,0.0,34.27628970468453,3.584349855651104,0.017710019728345284,17.710019728345284,-165.61005750478836,165.61005750478836,337.2201150095767,346.0450422774046,True,CONVERGENCE: RELATIVE REDUCTION OF F <= FACTR*EPSMCH,33,0,0.2706896127141867,39.271474656452355,3.546651428622167,0.018507222012780537,18.507222012780538,0.41107747147151597,-163.95024735077894,163.95024735077894,335.9004947015579,347.6670643919951,True,CONVERGENCE: RELATIVE REDUCTION OF F <= FACTR*EPSMCH,107,0,0.23130003208971633,34.25004659988428,3.584520852546124,0.017661308363279213,17.66130836327921,0.0011479842506826156,1.1479842506826157,-165.60600317572752,165.60600317572752,339.21200635145505,350.97857604189227,True,CONVERGENCE: RELATIVE REDUCTION OF F <= FACTR*EPSMCH,104,0,0.2705963603112622,1.6598101540094206,-1.3196203080188411,1.622022114590493,-0.039389580624470344,new,old,new,0.004054329060835471,1.991891341878329,4.933533764487663,-9.325240292445969e-05,old,old,t0var,1.655755824948585,-3.31151164989717,-3.31151164989717,-0.039296328221545884,new,new,new,new,old,new,140,45,37.5878746509552,18,3374074164,reduced
244,S05_new_moderateVar,new,gamma,10,42.0,3.6,0.018,18.0,0.3,0.0,0.0,38.98461896101574,3.6219690657121224,0.019055208863307638,19.055208863307637,-145.14734929444452,145.14734929444452,296.29469858888905,305.11962585671694,True,CONVERGENCE: RELATIVE REDUCTION OF F <= FACTR*EPSMCH,33,0,0.25468139167816634,39.286601005551056,3.6191643619195055,0.019066025060628745,19.066025060628746,0.10286757587093254,-145.14090043538494,145.14090043538494,298.28180087076987,310.0483705612071,True,CONVERGENCE: RELATIVE REDUCTION OF F <= FACTR*EPSMCH,107,0,0.2555668765425256,46.828689358689694,3.5748768370553785,0.028807067662652838,28.807067662652837,0.010576990434846126,10.576990434846126,-143.24538707253356,143.24538707253356,294.4907741450671,306.25734383550434,True,CONVERGENCE: RELATIVE REDUCTION OF F <= FACTR*EPSMCH,104,0,0.23716177522095647,0.006448859059588585,1.9871022818808228,4.928744704490157,0.0008854848643592428,old,old,old,1.9019622219109635,-1.803924443821927,1.137717978787407,-0.01751961645720987,t0var,old,t0var,-1.895513362851375,3.79102672570275,3.79102672570275,0.01840510132156911,t0var,t0var,t0var,t0var,old,t0var,140,42,24.714258193969727,19,1624170338,reduced
245,S05_new_moderateVar,new,gamma,10,42.0,3.6,0.018,18.0,0.3,0.0,0.0,34.440553663173525,3.6362585488371213,0.01706859193305493,17.06859193305493,-154.1049176195342,154.1049176195342,314.2098352390684,323.0347625068963,True,CONVERGENCE: NORM OF PROJECTED GRADIENT <= PGTOL,33,0,0.31475090922776794,36.486194411436216,3.60563599055919,0.01739524728631839,17.39524728631839,0.2651603473063789,-153.84667917662213,153.84667917662213,315.69335835324426,327.4599280436815,True,CONVERGENCE: RELATIVE REDUCTION OF F <= FACTR*EPSMCH,107,0,0.32031678925294504,36.68427855300091,3.614920995284118,0.02102182947836042,21.02182947836042,0.012058100153801073,12.058100153801073,-153.74751595117428,153.74751595117428,315.49503190234856,327.2616015927858,True,CONVERGENCE: RELATIVE REDUCTION OF F <= FACTR*EPSMCH,104,0,0.3171850557484217,0.25823844291207365,1.4835231141758527,4.425165536785187,0.005565880025177106,old,old,old,0.3574016683599268,1.2851966632801464,4.22683908588948,0.0024341465206537682,old,old,old,-0.09916322544785316,0.19832645089570633,0.19832645089570633,0.0031317335045233374,t0var,t0var,t0var,old,old,old,140,45,31.86141300201416,20,3703716985,reduced
246,S05_new_moderateVar,new,gamma,10,42.0,3.6,0.018,18.0,0.3,0.0,0.0,41.12141207888573,3.6131716736790214,0.01756200080814258,17.562000808142578,-157.2085133804025,157.2085133804025,320.417026760805,329.2419540286329,True,CONVERGENCE: RELATIVE REDUCTION OF F <= FACTR*EPSMCH,33,0,0.2823966532500743,45.753549525453735,3.586622313397433,0.018027770782827024,18.027770782827023,0.35664395192071385,-156.15153411139443,156.15153411139443,320.30306822278885,332.0696379132261,True,CONVERGENCE: RELATIVE REDUCTION OF F <= FACTR*EPSMCH,107,0,0.27769301188962475,44.18642581278847,3.5953808584229003,0.021621569214184778,21.621569214184778,0.01161545478767684,11.615454787676839,-157.01159160952986,157.01159160952986,322.0231832190597,333.78975290949694,True,CONVERGENCE: RELATIVE REDUCTION OF F <= FACTR*EPSMCH,104,0,0.2813600708204618,1.0569792690080817,-0.1139585380161634,2.8276838845931707,-0.00470364136044954,new,old,new,0.19692177087264895,1.606156458254702,4.547798880864036,-0.0010365824296124648,old,old,t0var,0.8600574981354328,-1.7201149962708655,-1.7201149962708655,-0.003667058930837075,new,new,new,new,old,new,140,43,35.21762990951538,21,1489704928,reduced
247,S05_new_moderateVar,new,gamma,10,42.0,3.6,0.018,18.0,0.3,0.0,0.0,38.323180865174706,3.7350995918626566,0.016067576451759047,16.067576451759045,-152.33771206831256,152.33771206831256,310.6754241366251,319.500351404453,True,CONVERGENCE: NORM OF PROJECTED GRADIENT <= PGTOL,33,0,0.19673155159166708,38.32318756810788,3.735099113083563,0.016067578479115534,16.067578479115536,0.0001,-152.33771208469466,152.33771208469466,312.6754241693893,324.44199385982654,True,CONVERGENCE: RELATIVE REDUCTION OF F <= FACTR*EPSMCH,107,0,0.19673153336534918,38.32298412811962,3.7351005955186416,0.016067244679460104,16.067244679460103,0.0001,0.1,-152.33780667959874,152.33780667959874,312.6756133591975,324.4421830496347,True,CONVERGENCE: NORM OF PROJECTED GRADIENT <= PGTOL,104,0,0.19673038695456957,-1.6382102785428287e-08,2.0000000327642056,4.94164245537354,-1.822631789938356e-08,old,old,new,-9.461128618681869e-05,2.0001892225723736,4.941831645181708,-1.1646370975115783e-06,old,old,t0var,9.459490408403326e-05,-0.00018918980816806652,-0.00018918980816806652,1.1464107796121947e-06,new,new,t0var,old,old,t0var,140,44,20.103589057922363,22,2852003033,reduced
248,S05_new_moderateVar,new,gamma,10,42.0,3.6,0.018,18.0,0.3,0.0,0.0,38.54383506718852,3.695426833787596,0.018746862460517218,18.746862460517217,-149.34891358045576,149.34891358045576,304.6978271609115,313.5227544287394,True,CONVERGENCE: RELATIVE REDUCTION OF F <= FACTR*EPSMCH,33,0,0.16499593734736198,39.960503516088636,3.683701998304322,0.018840425445306112,18.840425445306114,0.21755290515227835,-149.18877684176377,149.18877684176377,306.37755368352754,318.14412337396476,True,CONVERGENCE: RELATIVE REDUCTION OF F <= FACTR*EPSMCH,107,0,0.16921304907741871,40.63031793025077,3.6808129668996625,0.02190026920264757,21.900269202647568,0.006399114392576072,6.399114392576072,-149.28470304532595,149.28470304532595,306.5694060906519,318.33597578108913,True,CONVERGENCE: RELATIVE REDUCTION OF F <= FACTR*EPSMCH,104,0,0.16526353518692,0.16013673869198897,1.679726522616022,4.621368945225356,0.004217111730056733,old,old,old,0.06421053512980279,1.8715789297403944,4.8132213523497285,0.00026759783955801475,old,old,old,0.09592620356218617,-0.19185240712437235,-0.19185240712437235,0.003949513890498718,new,new,t0var,old,old,old,140,44,23.75771188735962,23,2217301351,reduced
249,S05_new_moderateVar,new,gamma,10,42.0,3.6,0.018,18.0,0.3,0.0,0.0,35.85803495415697,3.362471883382212,0.01487125728508256,14.87125728508256,-146.5836559923729,146.5836559923729,299.1673119847458,307.9922392525737,True,CONVERGENCE: NORM OF PROJECTED GRADIENT <= PGTOL,33,0,0.1721273523575996,36.39230219419604,3.358515117585169,0.015021947331614202,15.021947331614202,0.12290300070213968,-146.5641956829737,146.5641956829737,301.1283913659474,312.8949610563846,True,CONVERGENCE: RELATIVE REDUCTION OF F <= FACTR*EPSMCH,107,0,0.1705251314382519,35.85784269347531,3.3624725008001017,0.014870908489426684,14.870908489426684,0.0001,0.1,-146.58379093983393,146.58379093983393,301.16758187966786,312.9341515701051,True,CONVERGENCE: RELATIVE REDUCTION OF F <= FACTR*EPSMCH,104,0,0.17212869093821506,0.019460309399221387,1.9610793812015572,4.902721803810891,-0.0016022209193476966,old,old,new,-0.000134947461020829,2.0002698949220417,4.941912317531376,1.3385806154619928e-06,old,old,old,0.019595256860242216,-0.03919051372048443,-0.03919051372048443,-0.0016035594999631586,new,new,new,old,old,new,140,42,19.670897006988525,24,1800419351,reduced
250,S05_new_moderateVar,new,gamma,10,42.0,3.6,0.018,18.0,0.3,0.0,0.0,35.72956684836585,3.7001905764430743,0.01535557853629006,15.355578536290059,-161.22463933039785,161.22463933039785,328.4492786607957,337.2742059286236,True,CONVERGENCE: RELATIVE REDUCTION OF F <= FACTR*EPSMCH,33,0,0.3071087445708757,40.962174778081526,3.651009331397974,0.01653653409847821,16.53653409847821,0.3882694471883323,-159.65147273881553,159.65147273881553,327.30294547763106,339.0695151680683,True,CONVERGENCE: RELATIVE REDUCTION OF F <= FACTR*EPSMCH,107,0,0.2995418205276423,35.72939086317066,3.7001915757277604,0.015355240459134261,15.355240459134261,0.0001,0.1,-161.22472700678364,161.22472700678364,330.4494540135673,342.2160237040045,True,CONVERGENCE: RELATIVE REDUCTION OF F <= FACTR*EPSMCH,104,0,0.30710892933868633,1.5731665915823214,-1.1463331831646428,1.7953092394446912,-0.007566924043233447,new,old,new,-8.767638578888182e-05,2.0001753527715778,4.941817775380912,1.8476781060705605e-07,old,old,old,1.5732542679681103,-3.1465085359362206,-3.1465085359362206,-0.007567108811044054,new,new,new,new,old,new,140,43,22.0477933883667,25,38629052,reduced
251,S06_new_strongVar,new,gamma,10,42.0,3.6,0.018,18.0,0.45,0.0,0.0,31.876918575852923,3.5824536200333696,0.017406620807769113,17.406620807769112,-156.83886783559495,156.83886783559495,319.6777356711899,328.5026629390178,True,CONVERGENCE: RELATIVE REDUCTION OF F <= FACTR*EPSMCH,33,0,0.29557817573978834,35.54886465014686,3.524024037226483,0.018187396373284946,18.187396373284948,0.3559364936702997,-156.06875165523752,156.06875165523752,320.13750331047504,331.90407300091226,True,CONVERGENCE: RELATIVE REDUCTION OF F <= FACTR*EPSMCH,107,0,0.2910128247154095,31.85160144890683,3.582578023930983,0.017351973591588767,17.351973591588767,0.0012998195449923202,1.2998195449923202,-156.83468293920671,156.83468293920671,321.66936587841343,333.43593556885065,True,CONVERGENCE: RELATIVE REDUCTION OF F <= FACTR*EPSMCH,104,0,0.2954221063354047,0.7701161803574337,0.45976763928513265,3.4014100618944667,-0.0045653510243788276,old,old,new,0.0041848963882387125,1.9916302072235226,4.933272629832857,-0.0001560694043836186,old,old,t0var,0.765931283969195,-1.53186256793839,-1.53186256793839,-0.004409281619995209,new,new,new,old,old,new,140,45,39.90051507949829,1,4225551378,reduced
252,S06_new_strongVar,new,gamma,10,42.0,3.6,0.018,18.0,0.45,0.0,0.0,34.18165153771443,3.626706324381076,0.014121258938391959,14.121258938391959,-163.37088071288954,163.37088071288954,332.7417614257791,341.566688693607,True,CONVERGENCE: RELATIVE REDUCTION OF F <= FACTR*EPSMCH,33,0,0.23770019405760281,40.037542714263175,3.570809472388233,0.015995295932997144,15.995295932997145,0.40024848924515477,-161.21499711889,161.21499711889,330.42999423778,342.19656392821724,True,CONVERGENCE: RELATIVE REDUCTION OF F <= FACTR*EPSMCH,107,0,0.21324246340690636,34.18151334808485,3.6267071066718963,0.014120968422558652,14.120968422558652,0.0001,0.1,-163.3709335581149,163.3709335581149,334.7418671162298,346.508436806667,True,CONVERGENCE: RELATIVE REDUCTION OF F <= FACTR*EPSMCH,104,0,0.2376999575878903,2.1558835939995333,-2.3117671879990667,0.6298752346102674,-0.024457730650696452,new,old,new,-5.284522535475844e-05,2.0001056904507095,4.941748113060044,-2.364697125056825e-07,old,old,t0var,2.155936439224888,-4.311872878449776,-4.311872878449776,-0.024457494180983946,new,new,new,new,old,new,140,45,23.042198419570923,2,1815389063,reduced
253,S06_new_strongVar,new,gamma,10,42.0,3.6,0.018,18.0,0.45,0.0,0.0,29.34578172875518,3.901479279167581,0.018235321395223013,18.235321395223014,-161.86941537793274,161.86941537793274,329.7388307558655,338.56375802369337,True,CONVERGENCE: RELATIVE REDUCTION OF F <= FACTR*EPSMCH,33,0,0.21819310651101428,35.21582715637067,3.7367072482174652,0.018777484044262615,18.777484044262614,0.5212770875255883,-159.45511023362303,159.45511023362303,326.91022046724606,338.6767901576833,True,CONVERGENCE: RELATIVE REDUCTION OF F <= FACTR*EPSMCH,107,0,0.2463700465656695,33.14196148933118,3.8217678274373394,0.026557735190234216,26.557735190234215,0.02796769937772827,27.96769937772827,-161.02223234664922,161.02223234664922,330.04446469329844,341.81103438373566,True,CONVERGENCE: RELATIVE REDUCTION OF F <= FACTR*EPSMCH,104,0,0.24282050164371272,2.414305144309708,-2.8286102886194158,0.1130321339899183,0.02817694005465521,new,old,old,0.8471830312835209,0.3056339374329582,3.2472763600422923,0.024627395132698432,old,old,old,1.567122113026187,-3.134244226052374,-3.134244226052374,0.0035495449219567765,new,new,t0var,new,old,old,140,47,31.530941247940063,3,1434554516,reduced
254,S06_new_strongVar,new,gamma,10,42.0,3.6,0.018,18.0,0.45,0.0,0.0,29.149033479860925,3.6908170058380767,0.012771528904969224,12.771528904969223,-163.49978323552182,163.49978323552182,332.99956647104364,341.8244937388715,True,CONVERGENCE: RELATIVE REDUCTION OF F <= FACTR*EPSMCH,33,0,0.17065048803402208,31.10513027780459,3.6422091145301794,0.01363582155360122,13.63582155360122,0.27597975928294405,-163.2180526759235,163.2180526759235,334.436105351847,346.2026750422842,True,CONVERGENCE: RELATIVE REDUCTION OF F <= FACTR*EPSMCH,107,0,0.17134077728717037,30.663972799204934,3.661381520891841,0.01602341918801163,16.02341918801163,0.017630037496808353,17.630037496808352,-162.41999936794855,162.41999936794855,332.8399987358971,344.6065684263343,True,CONVERGENCE: RELATIVE REDUCTION OF F <= FACTR*EPSMCH,104,0,0.17819925385550667,0.2817305595983157,1.4365388808033686,4.378181303412703,0.0006902892531482907,old,old,old,1.0797838675732692,-0.15956773514653833,2.7820746874627957,0.007548765821484588,t0var,old,old,-0.7980533079749534,1.5961066159499069,1.5961066159499069,-0.006858476568336297,t0var,t0var,new,t0var,old,old,140,47,44.5304536819458,4,3769511244,reduced
255,S06_new_strongVar,new,gamma,10,42.0,3.6,0.018,18.0,0.45,0.0,0.0,39.196005267671836,3.6996745730316407,0.01652463636101535,16.524636361015347,-176.32133877316355,176.32133877316355,358.6426775463271,367.467604814155,True,CONVERGENCE: RELATIVE REDUCTION OF F <= FACTR*EPSMCH,33,0,0.3631480342230685,58.23002549645301,3.58483208176282,0.018452131527205737,18.452131527205736,0.6630585134116305,-166.23644295609432,166.23644295609432,340.47288591218864,352.23945560262587,True,CONVERGENCE: RELATIVE REDUCTION OF F <= FACTR*EPSMCH,107,0,0.32159408509568177,39.54460820194265,3.69211580412158,0.01692358383099323,16.92358383099323,0.013639191305962518,13.639191305962518,-176.16437265619487,176.16437265619487,360.32874531238974,372.09531500282696,True,CONVERGENCE: RELATIVE REDUCTION OF F <= FACTR*EPSMCH,104,0,0.3700206610706513,10.084895817069224,-18.16979163413845,-15.228149211529114,-0.04155394912738675,new,new,new,0.15696611696867535,1.6860677660626493,4.627710188671983,0.0068726268475827745,old,old,old,9.927929700100549,-19.855859400201098,-19.855859400201098,-0.04842657597496952,new,new,new,new,new,new,140,48,43.72793459892273,5,13977115,reduced
256,S06_new_strongVar,new,gamma,10,42.0,3.6,0.018,18.0,0.45,0.0,0.0,33.86698536530647,3.596353035707397,0.014468813374131423,14.468813374131422,-168.15816210427445,168.15816210427445,342.3163242085489,351.1412514763768,True,CONVERGENCE: RELATIVE REDUCTION OF F <= FACTR*EPSMCH,33,0,0.2836964499052145,41.48537926575843,3.525762833979161,0.016389191475797236,16.389191475797237,0.48429947536262047,-165.14595511207457,165.14595511207457,338.29191022414915,350.05847991458637,True,CONVERGENCE: RELATIVE REDUCTION OF F <= FACTR*EPSMCH,107,0,0.2637723249508413,34.95970578543648,3.5808550349303476,0.016191775363609155,16.191775363609157,0.016883641231759557,16.883641231759558,-166.88767403123438,166.88767403123438,341.77534806246877,353.541917752906,True,CONVERGENCE: RELATIVE REDUCTION OF F <= FACTR*EPSMCH,104,0,0.2913745096407964,3.0122069921998786,-4.024413984399757,-1.0827715617904232,-0.01992412495437318,new,new,new,1.2704880730400703,-0.5409761460801406,2.4006662765291935,0.0076780597355819435,t0var,old,old,1.7417189191598084,-3.4834378383196167,-3.4834378383196167,-0.027602184689955123,new,new,new,new,new,new,140,49,47.312758922576904,6,375402272,reduced
257,S06_new_strongVar,new,gamma,10,42.0,3.6,0.018,18.0,0.45,0.0,0.0,43.51015018287976,3.518524387452414,0.0199999999974345,19.9999999974345,-146.99436513982783,146.99436513982783,299.98873027965567,308.81365754748356,True,CONVERGENCE: RELATIVE REDUCTION OF F <= FACTR*EPSMCH,33,0,0.2519890290880443,56.51831168120094,3.4690538909536524,0.0251618241339141,25.161824133914102,0.4540088171570489,-145.26192321950617,145.26192321950617,298.52384643901235,310.29041612944957,True,CONVERGENCE: RELATIVE REDUCTION OF F <= FACTR*EPSMCH,107,0,0.24490998184949211,43.62735904163832,3.518037699263631,0.020158222983326184,20.158222983326183,0.0001,0.1,-147.00239580766427,147.00239580766427,302.00479161532854,313.77136130576577,True,CONVERGENCE: RELATIVE REDUCTION OF F <= FACTR*EPSMCH,104,0,0.25188138023126316,1.732441920321662,-1.4648838406433242,1.4767585819660098,-0.007079047238552211,new,old,new,-0.008030667836436578,2.016061335672873,4.957703758282207,-0.00010764885678116176,old,old,t0var,1.7404725881580987,-3.4809451763161974,-3.4809451763161974,-0.006971398381771049,new,new,new,new,old,new,140,44,38.46567702293396,7,2028936026,reduced
258,S06_new_strongVar,new,gamma,10,42.0,3.6,0.018,18.0,0.45,0.0,0.0,43.43553898609037,3.6397261632679414,0.0199999998791858,19.9999998791858,-144.07951590053034,144.07951590053034,294.1590318010607,302.98395906888857,True,CONVERGENCE: RELATIVE REDUCTION OF F <= FACTR*EPSMCH,33,0,0.2489453068344054,48.797417471581625,3.6077582647379507,0.021534402795694515,21.534402795694515,0.315493389604959,-143.26787300888654,143.26787300888654,294.5357460177731,306.3023157082103,True,CONVERGENCE: RELATIVE REDUCTION OF F <= FACTR*EPSMCH,107,0,0.24655178950908177,43.51299902014671,3.6393581440509313,0.02011289719818199,20.11289719818199,0.0001,0.1,-144.09478726177952,144.09478726177952,296.18957452355903,307.95614421399625,True,CONVERGENCE: RELATIVE REDUCTION OF F <= FACTR*EPSMCH,104,0,0.24897309237806492,0.8116428916437997,0.3767142167124007,3.3183566393217347,-0.002393517325323641,old,old,new,-0.015271361249176607,2.030542722498353,4.972185145107687,2.7785543659508694e-05,old,old,old,0.8269142528929763,-1.6538285057859525,-1.6538285057859525,-0.0024213028689831495,new,new,new,old,old,new,140,42,40.89387774467468,8,2079128458,reduced
259,S06_new_strongVar,new,gamma,10,42.0,3.6,0.018,18.0,0.45,0.0,0.0,34.76706534329319,3.795931830396788,0.016766517831654774,16.766517831654774,-162.46910116559388,162.46910116559388,330.93820233118777,339.76312959901566,True,CONVERGENCE: RELATIVE REDUCTION OF F <= FACTR*EPSMCH,33,0,0.3560606798426154,41.79234243913262,3.7084784004513156,0.01784900008538643,17.849000085386432,0.46241134398435074,-159.14627016110953,159.14627016110953,326.29254032221905,338.0591100126563,True,CONVERGENCE: RELATIVE REDUCTION OF F <= FACTR*EPSMCH,107,0,0.34834738693248346,34.766912970143714,3.7959330260017055,0.016766215795083594,16.766215795083593,0.0001,0.1,-162.46914670658913,162.46914670658913,332.93829341317826,344.7048631036155,True,CONVERGENCE: RELATIVE REDUCTION OF F <= FACTR*EPSMCH,104,0,0.35606090402935636,3.3228310044843568,-4.6456620089687135,-1.7040195863593794,-0.0077132929101319525,new,new,new,-4.554099524511912e-05,2.0000910819904902,4.941733504599824,2.2418674094915048e-07,old,old,old,3.322876545479602,-6.645753090959204,-6.645753090959204,-0.007713517096872902,new,new,new,new,new,new,140,43,26.83256435394287,9,3676418010,reduced
260,S06_new_strongVar,new,gamma,10,42.0,3.6,0.018,18.0,0.45,0.0,0.0,32.045503280014586,3.7520808302254243,0.01584482761186184,15.844827611861842,-166.1016166822191,166.1016166822191,338.2032333644382,347.02816063226607,True,CONVERGENCE: RELATIVE REDUCTION OF F <= FACTR*EPSMCH,33,0,0.23301451355576022,38.538428778046274,3.6568102343109716,0.0172792904138205,17.2792904138205,0.47917506864549636,-163.55195142724267,163.55195142724267,335.10390285448534,346.87047254492256,True,CONVERGENCE: RELATIVE REDUCTION OF F <= FACTR*EPSMCH,107,0,0.2415751949950565,31.998958729158943,3.7523799096112853,0.01573830193048302,15.73830193048302,0.0020919274684284618,2.091927468428462,-166.09725660468058,166.09725660468058,340.19451320936116,351.9610828997984,True,CONVERGENCE: RELATIVE REDUCTION OF F <= FACTR*EPSMCH,104,0,0.2327933091146102,2.549665254976418,-3.0993305099528357,-0.1576880873435016,0.00856068143929628,new,new,old,0.004360077538507312,1.9912798449229854,4.932922267532319,-0.0002212044411500358,old,old,t0var,2.5453051774379105,-5.090610354875821,-5.090610354875821,0.008781885880446316,new,new,t0var,new,new,t0var,140,48,38.0905659198761,10,2066857349,reduced
261,S06_new_strongVar,new,gamma,10,42.0,3.6,0.018,18.0,0.45,0.0,0.0,29.014904630508813,3.686509345772311,0.014506323559211259,14.506323559211259,-164.95181803478454,164.95181803478454,335.9036360695691,344.72856333739696,True,CONVERGENCE: RELATIVE REDUCTION OF F <= FACTR*EPSMCH,33,0,0.23755796096162185,32.28363378312762,3.624266387727628,0.01566493810322044,15.66493810322044,0.3588009272298777,-163.90567731513622,163.90567731513622,335.81135463027243,347.57792432070966,True,CONVERGENCE: RELATIVE REDUCTION OF F <= FACTR*EPSMCH,107,0,0.21530240712961518,29.014819883898454,3.686510027675406,0.014506082221662785,14.506082221662785,0.0001,0.1,-164.95184386707615,164.95184386707615,337.9036877341523,349.6702574245895,True,CONVERGENCE: RELATIVE REDUCTION OF F <= FACTR*EPSMCH,104,0,0.2375582276114549,1.0461407196483208,-0.09228143929664157,2.8493609833126925,-0.02225555383200667,new,old,new,-2.5832291612459812e-05,2.000051664583225,4.941694087192559,2.6664983304725e-07,old,old,old,1.0461665519399332,-2.0923331038798665,-2.0923331038798665,-0.022255820481839717,new,new,new,new,old,new,140,48,36.88805317878723,11,3031395725,reduced
262,S06_new_strongVar,new,gamma,10,42.0,3.6,0.018,18.0,0.45,0.0,0.0,32.33036167093485,3.57434366293079,0.012462035922178089,12.462035922178089,-174.94265754152022,174.94265754152022,355.88531508304044,364.7102423508683,True,CONVERGENCE: RELATIVE REDUCTION OF F <= FACTR*EPSMCH,33,0,0.17153869005017336,43.26937066075433,3.4798699723102957,0.01550348545300587,15.50348545300587,0.5985374380374037,-170.1662273279986,170.1662273279986,348.3324546559972,360.0990243464344,True,CONVERGENCE: RELATIVE REDUCTION OF F <= FACTR*EPSMCH,107,0,0.16288129119616931,35.73497409822803,3.5291513114320945,0.018081183195404617,18.081183195404616,0.0317825205032045,31.782520503204502,-171.65048389169564,171.65048389169564,351.3009677833913,363.0675374738285,True,CONVERGENCE: NORM OF PROJECTED GRADIENT <= PGTOL,104,0,0.19402287537632093,4.776430213521621,-7.5528604270432425,-4.611218004433908,-0.008657398854004045,new,new,new,3.2921736498245764,-4.584347299649153,-1.6427048770398187,0.02248418532614757,t0var,t0var,old,1.4842565636970448,-2.9685131273940897,-2.9685131273940897,-0.031141584180151616,new,new,new,new,new,new,140,51,23.8008291721344,12,3361118956,reduced
263,S06_new_strongVar,new,gamma,10,42.0,3.6,0.018,18.0,0.45,0.0,0.0,35.59826279252546,3.65767053723229,0.012818476206325148,12.818476206325148,-168.14253408541757,168.14253408541757,342.28506817083513,351.109995438663,True,CONVERGENCE: RELATIVE REDUCTION OF F <= FACTR*EPSMCH,33,0,0.2646227959985256,45.098060263451906,3.5704246643754805,0.01593010298397743,15.930102983977429,0.480861503423583,-165.460690881269,165.460690881269,338.921381762538,350.6879514529752,True,CONVERGENCE: RELATIVE REDUCTION OF F <= FACTR*EPSMCH,107,0,0.26240722401823874,35.9031753377862,3.6518116335455177,0.01317956900685542,13.17956900685542,0.01007584596782797,10.07584596782797,-167.7108851173223,167.7108851173223,343.4217702346446,355.18833992508183,True,CONVERGENCE: RELATIVE REDUCTION OF F <= FACTR*EPSMCH,104,0,0.2699812210088234,2.681843204148578,-3.3636864082971556,-0.42204398568782153,-0.002215571980286879,new,new,new,0.43164896809526,1.13670206380948,4.078344486418814,0.005358425010297763,old,old,old,2.250194236053318,-4.500388472106636,-4.500388472106636,-0.007573996990584642,new,new,new,new,new,new,140,47,66.82166743278503,13,1129763209,reduced
264,S06_new_strongVar,new,gamma,10,42.0,3.6,0.018,18.0,0.45,0.0,0.0,29.757743215030224,3.858043512169524,0.012805102318940713,12.805102318940714,-164.70296013907932,164.70296013907932,335.40592027815865,344.23084754598653,True,CONVERGENCE: RELATIVE REDUCTION OF F <= FACTR*EPSMCH,33,0,0.23562656952187183,33.06734272821853,3.783958768158128,0.014165092545385184,14.165092545385184,0.3483915216405091,-163.8829362862502,163.8829362862502,335.7658725725004,347.53244226293765,True,CONVERGENCE: RELATIVE REDUCTION OF F <= FACTR*EPSMCH,107,0,0.23001185132058125,29.757643268326746,3.8580445768823424,0.012804846850848574,12.804846850848573,0.0001,0.1,-164.7029959815391,164.7029959815391,337.4059919630782,349.1725616535154,True,CONVERGENCE: RELATIVE REDUCTION OF F <= FACTR*EPSMCH,104,0,0.23562668919415847,0.8200238528291095,0.359952294341781,3.301594716951115,-0.005614718201290586,old,old,new,-3.584245976639977e-05,2.000071684919533,4.941714107528867,1.196722866358968e-07,old,old,old,0.8200596952888759,-1.6401193905777518,-1.6401193905777518,-0.005614837873577222,new,new,new,old,old,new,140,47,59.37687063217163,14,4142751829,reduced
265,S06_new_strongVar,new,gamma,10,42.0,3.6,0.018,18.0,0.45,0.0,0.0,33.0913092463642,3.782627433697152,0.01819142289261069,18.19142289261069,-158.8180522036097,158.8180522036097,323.6361044072194,332.4610316750473,True,CONVERGENCE: RELATIVE REDUCTION OF F <= FACTR*EPSMCH,33,0,0.3409223272731423,38.00895204537579,3.7005248153233152,0.018714034736963904,18.714034736963903,0.4251751587306725,-157.05303390939417,157.05303390939417,322.10606781878835,333.87263750922557,True,CONVERGENCE: RELATIVE REDUCTION OF F <= FACTR*EPSMCH,107,0,0.3321273515499526,33.09118059050537,3.7826282963570335,0.01819115307485056,18.19115307485056,0.0001,0.1,-158.81806018729515,158.81806018729515,325.6361203745903,337.4026900650275,True,CONVERGENCE: RELATIVE REDUCTION OF F <= FACTR*EPSMCH,104,0,0.34092217946804315,1.7650182942155368,-1.5300365884310736,1.4116058341782605,-0.008794975723189713,new,old,new,-7.98368543541983e-06,2.000015967370871,4.941658389980205,-1.4780509915990336e-07,old,old,t0var,1.7650262779009722,-3.5300525558019444,-3.5300525558019444,-0.008794827918090553,new,new,new,new,old,new,140,45,64.91122460365295,15,4048570083,reduced
266,S06_new_strongVar,new,gamma,10,42.0,3.6,0.018,18.0,0.45,0.0,0.0,40.56609887984187,3.639831003056544,0.017437696874403514,17.437696874403514,-158.54217725387676,158.54217725387676,323.0843545077535,331.9092817755814,True,CONVERGENCE: RELATIVE REDUCTION OF F <= FACTR*EPSMCH,33,0,0.17870677825586587,46.39668091758687,3.6040317528569834,0.017998599956539636,17.998599956539636,0.40857997002512364,-157.09599975374758,157.09599975374758,322.19199950749515,333.9585691979324,True,CONVERGENCE: RELATIVE REDUCTION OF F <= FACTR*EPSMCH,107,0,0.19192046722763995,44.97736755254314,3.6119679580122246,0.023080294758626597,23.080294758626597,0.014986806164769316,14.986806164769316,-157.7891525405935,157.7891525405935,323.578305081187,335.34487477162423,True,CONVERGENCE: RELATIVE REDUCTION OF F <= FACTR*EPSMCH,104,0,0.20025699690133392,1.4461775001291812,-0.8923550002583625,2.0492874223509716,0.013213688971774079,new,old,old,0.7530247132832528,0.49395057343349436,3.4355929960428284,0.02155021864546805,old,old,old,0.6931527868459284,-1.3863055736918568,-1.3863055736918568,-0.008336529673693971,new,new,new,new,old,old,140,47,71.91963076591492,16,3036956090,reduced
267,S06_new_strongVar,new,gamma,10,42.0,3.6,0.018,18.0,0.45,0.0,0.0,38.226606668484244,3.706887832060197,0.018593243421601353,18.593243421601354,-153.09350450077892,153.09350450077892,312.18700900155784,321.0119362693857,True,CONVERGENCE: RELATIVE REDUCTION OF F <= FACTR*EPSMCH,33,0,0.3159426562189273,41.66583779822137,3.6739867422096957,0.018839714874011818,18.83971487401182,0.3256280333014259,-152.3112771734898,152.3112771734898,312.6225543469796,324.3891240374168,True,CONVERGENCE: RELATIVE REDUCTION OF F <= FACTR*EPSMCH,107,0,0.32625359003509835,38.22642232084507,3.7068892062793153,0.01859292201695401,18.59292201695401,0.0001,0.1,-153.09353227337138,153.09353227337138,314.18706454674276,325.95363423718,True,CONVERGENCE: RELATIVE REDUCTION OF F <= FACTR*EPSMCH,104,0,0.3159431709564497,0.7822273272891209,0.43554534542175816,3.377187768031092,0.010310933816171042,old,old,old,-2.777259246045105e-05,2.000055545184921,4.941697967794255,5.147375223835127e-07,old,old,old,0.7822550998815814,-1.5645101997631627,-1.5645101997631627,0.010310419078648658,new,new,t0var,old,old,old,140,45,66.35363531112671,17,199011104,reduced
268,S06_new_strongVar,new,gamma,10,42.0,3.6,0.018,18.0,0.45,0.0,0.0,37.70814936828653,3.561472759135329,0.019999999982147413,19.99999998214741,-160.95744676761979,160.95744676761979,327.91489353523957,336.73982080306746,True,CONVERGENCE: RELATIVE REDUCTION OF F <= FACTR*EPSMCH,33,0,0.32053707953993343,48.0354223346482,3.492354714706216,0.020000010519537568,20.000010519537568,0.5583974286631941,-155.80335606221462,155.80335606221462,319.60671212442924,331.37328181486646,True,CONVERGENCE: RELATIVE REDUCTION OF F <= FACTR*EPSMCH,107,0,0.3088195965661447,37.719018857005885,3.5614012941827102,0.02002255571895937,20.022555718959367,0.0001,0.1,-160.9861103143807,160.9861103143807,329.9722206287614,341.73879031919864,True,CONVERGENCE: RELATIVE REDUCTION OF F <= FACTR*EPSMCH,104,0,0.3206174788241765,5.154090705405167,-8.308181410810334,-5.366538988201,-0.011717482973788718,new,new,new,-0.02866354676092442,2.057327093521849,4.998969516131183,8.039928424308229e-05,old,old,old,5.182754252166092,-10.365508504332183,-10.365508504332183,-0.0117978822580318,new,new,new,new,new,new,140,43,83.80392837524414,18,1175690263,reduced
269,S06_new_strongVar,new,gamma,10,42.0,3.6,0.018,18.0,0.45,0.0,0.0,39.16233002737285,3.6838335245190557,0.01738012369964554,17.38012369964554,-163.0001899772505,163.0001899772505,332.000379954501,340.8253072223289,True,CONVERGENCE: RELATIVE REDUCTION OF F <= FACTR*EPSMCH,33,0,0.2763236717819301,48.261412583950445,3.62305571432061,0.018169797681696815,18.169797681696814,0.5273831721311084,-159.75534886777908,159.75534886777908,327.51069773555815,339.2772674259954,True,CONVERGENCE: RELATIVE REDUCTION OF F <= FACTR*EPSMCH,107,0,0.2936504606815794,45.621756920839715,3.6359357931657375,0.02549767153914222,25.49767153914222,0.024373744511876832,24.373744511876833,-161.27624210096187,161.27624210096187,330.55248420192373,342.31905389236096,True,CONVERGENCE: RELATIVE REDUCTION OF F <= FACTR*EPSMCH,104,0,0.29995404804486187,3.244841109471423,-4.489682218942846,-1.5480397963335122,0.01732678889964928,new,new,old,1.7239478762886336,-1.447895752577267,1.493746670032067,0.02363037626293174,t0var,old,old,1.5208932331827896,-3.041786466365579,-3.041786466365579,-0.006303587363282459,new,new,new,new,new,old,140,43,85.24948334693909,19,569781012,reduced
270,S06_new_strongVar,new,gamma,10,42.0,3.6,0.018,18.0,0.45,0.0,0.0,38.35394439452507,3.70897599780901,0.018425008980445606,18.425008980445607,-152.8235645374862,152.8235645374862,311.6471290749724,320.4720563428003,True,CONVERGENCE: RELATIVE REDUCTION OF F <= FACTR*EPSMCH,33,0,0.25618598658875175,43.26291554616216,3.6579550746203497,0.018849502421214553,18.849502421214552,0.36402605443334535,-151.25324869077767,151.25324869077767,310.50649738155533,322.27306707199256,True,CONVERGENCE: RELATIVE REDUCTION OF F <= FACTR*EPSMCH,107,0,0.2393287221006843,38.35374669139795,3.708977320671407,0.01842467743195051,18.42467743195051,0.0001,0.1,-152.82364088851594,152.82364088851594,313.6472817770319,325.4138514674691,True,CONVERGENCE: RELATIVE REDUCTION OF F <= FACTR*EPSMCH,104,0,0.2561859104781338,1.5703158467085245,-1.140631693417049,1.801010729192285,-0.016857264488067458,new,old,new,-7.635102974745678e-05,2.000152702059495,4.941795124668829,-7.61106179192339e-08,old,old,t0var,1.570392197738272,-3.140784395476544,-3.140784395476544,-0.01685718837744954,new,new,new,new,old,new,140,43,49.265108823776245,20,2878114709,reduced
271,S06_new_strongVar,new,gamma,10,42.0,3.6,0.018,18.0,0.45,0.0,0.0,32.197066538511,3.8129582105301982,0.012848703263589625,12.848703263589625,-173.31739943673244,173.31739943673244,352.6347988734649,361.4597261412928,True,CONVERGENCE: RELATIVE REDUCTION OF F <= FACTR*EPSMCH,33,0,0.2921810692881791,37.76356488243739,3.763825434985685,0.015207787199040083,15.207787199040084,0.4115230087026895,-171.29166186683676,171.29166186683676,350.5833237336735,362.34989342411075,True,CONVERGENCE: RELATIVE REDUCTION OF F <= FACTR*EPSMCH,107,0,0.2642797649050036,31.935025727504268,3.8149621545895758,0.012159658159116982,12.159658159116981,0.011582574393154337,11.582574393154337,-173.1407909647299,173.1407909647299,354.2815819294598,366.048151619897,True,CONVERGENCE: RELATIVE REDUCTION OF F <= FACTR*EPSMCH,104,0,0.2954485832795277,2.025737569895682,-2.051475139791364,0.8901672828179699,-0.027901304383175507,new,old,new,0.17660847200255603,1.646783055994888,4.588425478604222,0.003267513991348614,old,old,old,1.849129097893126,-3.698258195786252,-3.698258195786252,-0.03116881837452412,new,new,new,new,old,new,140,48,95.57509660720825,21,109501881,reduced
272,S06_new_strongVar,new,gamma,10,42.0,3.6,0.018,18.0,0.45,0.0,0.0,36.36586298159653,3.74201400324146,0.01855440879441174,18.55440879441174,-148.9088302807303,148.9088302807303,303.8176605614606,312.6425878292885,True,CONVERGENCE: RELATIVE REDUCTION OF F <= FACTR*EPSMCH,33,0,0.29473827605898784,36.365842676088384,3.742014751803345,0.018554405448478053,18.554405448478054,0.0001,-148.90883031523626,148.90883031523626,305.8176606304725,317.58423032090974,True,CONVERGENCE: RELATIVE REDUCTION OF F <= FACTR*EPSMCH,107,0,0.2947382760220875,36.365682951821945,3.7420161884881784,0.018554092276530983,18.554092276530984,0.0001,0.1,-148.90886861220167,148.90886861220167,305.81773722440334,317.58430691484057,True,CONVERGENCE: RELATIVE REDUCTION OF F <= FACTR*EPSMCH,104,0,0.29473790829842067,-3.450594476817059e-08,2.0000000690118895,4.941642491621224,-3.6900316136012634e-11,old,old,new,-3.8331471358787894e-05,2.0000766629427176,4.941719085552052,-3.677605671659201e-07,old,old,t0var,3.8296965414019724e-05,-7.659393082803945e-05,-7.659393082803945e-05,3.677236668497841e-07,new,new,t0var,old,old,t0var,140,43,68.49650406837463,22,1492650611,reduced
273,S06_new_strongVar,new,gamma,10,42.0,3.6,0.018,18.0,0.45,0.0,0.0,36.861119482913914,3.733553684426871,0.01840146187958314,18.401461879583138,-150.12050551863229,150.12050551863229,306.24101103726457,315.06593830509246,True,CONVERGENCE: RELATIVE REDUCTION OF F <= FACTR*EPSMCH,33,0,0.2939860738230904,37.8676262653513,3.7221392470215573,0.018513706088827953,18.513706088827952,0.17992570709103645,-150.03305455538464,150.03305455538464,308.0661091107693,319.8326788012065,True,CONVERGENCE: RELATIVE REDUCTION OF F <= FACTR*EPSMCH,107,0,0.29534834777331126,36.86093980342745,3.733554467357491,0.0184011487469851,18.4011487469851,0.0001,0.1,-150.12053253176785,150.12053253176785,308.2410650635357,320.0076347539729,True,CONVERGENCE: RELATIVE REDUCTION OF F <= FACTR*EPSMCH,104,0,0.2939860397838027,0.08745096324764745,1.825098073504705,4.766740496114039,0.0013622739502208714,old,old,old,-2.7013135564857294e-05,2.0000540262711297,4.941696448880464,-3.4039287666320917e-08,old,old,t0var,0.08747797638321231,-0.17495595276642462,-0.17495595276642462,0.0013623079895085377,new,new,t0var,old,old,t0var,140,42,62.83273696899414,23,13253302,reduced
274,S06_new_strongVar,new,gamma,10,42.0,3.6,0.018,18.0,0.45,0.0,0.0,30.93955042243564,3.6838267572819063,0.016924519916321375,16.924519916321376,-159.93505381206143,159.93505381206143,325.87010762412285,334.69503489195074,True,CONVERGENCE: RELATIVE REDUCTION OF F <= FACTR*EPSMCH,33,0,0.20361670033695048,34.415917190611694,3.629702863978691,0.017473390978853698,17.473390978853697,0.3878586713042903,-158.81072874812904,158.81072874812904,325.6214574962581,337.3880271866953,True,CONVERGENCE: RELATIVE REDUCTION OF F <= FACTR*EPSMCH,107,0,0.2138548373044474,30.939420670254865,3.683827946324552,0.016924245010076888,16.924245010076888,0.0001,0.1,-159.93513066642217,159.93513066642217,327.87026133284434,339.63683102328156,True,CONVERGENCE: RELATIVE REDUCTION OF F <= FACTR*EPSMCH,104,0,0.20361700721847048,1.124325063932389,-0.24865012786477791,2.692992294744556,0.010238136967496925,new,old,old,-7.685436074211793e-05,2.0001537087214842,4.941796131330818,3.068815200013564e-07,old,old,old,1.124401918293131,-2.248803836586262,-2.248803836586262,0.010237830085976923,new,new,t0var,new,old,old,140,45,57.956098556518555,24,3299083934,reduced
275,S06_new_strongVar,new,gamma,10,42.0,3.6,0.018,18.0,0.45,0.0,0.0,33.54811398175225,3.800630256867875,0.015533306847954984,15.533306847954984,-170.77234407896788,170.77234407896788,347.54468815793575,356.36961542576364,True,CONVERGENCE: RELATIVE REDUCTION OF F <= FACTR*EPSMCH,33,0,0.2735690112528873,42.85194564054415,3.702208958252008,0.01757320516092831,17.57320516092831,0.5350587101732901,-166.52648709973639,166.52648709973639,341.05297419947277,352.81954388991,True,CONVERGENCE: RELATIVE REDUCTION OF F <= FACTR*EPSMCH,107,0,0.24933944082098097,33.50666253758513,3.800947377389695,0.015444925891736981,15.44492589173698,0.0018260885484899345,1.8260885484899345,-170.77051682229938,170.77051682229938,349.54103364459877,361.307603335036,True,CONVERGENCE: RELATIVE REDUCTION OF F <= FACTR*EPSMCH,104,0,0.2733803004624769,4.24585697923149,-6.491713958462981,-3.5500715358536468,-0.024229570431906322,new,new,new,0.0018272566684913727,1.9963454866630173,4.937987909272351,-0.00018871079041038463,old,old,t0var,4.244029722562999,-8.488059445125998,-8.488059445125998,-0.024040859641495937,new,new,new,new,new,new,140,48,91.06268525123596,25,1615041407,reduced
276,S08_t0var_strong,t0var,gamma,10,42.0,3.6,0.018,18.0,0.0,0.02,20.0,40.09865212610958,3.5372937212545255,0.01517486281226857,15.17486281226857,-154.72983327210795,154.72983327210795,315.4596665442159,324.2845938120438,True,CONVERGENCE: RELATIVE REDUCTION OF F <= FACTR*EPSMCH,33,0,0.24541539934477505,40.098559109400576,3.537293909485023,0.015174838365812484,15.174838365812484,0.0001,-154.7298332745273,154.7298332745273,317.4596665490546,329.2262362394918,True,CONVERGENCE: RELATIVE REDUCTION OF F <= FACTR*EPSMCH,107,0,0.24541540339334983,51.513851511825045,3.4779845189465317,0.027901665288761344,27.901665288761343,0.020286649533098344,20.286649533098345,-148.0045650886682,148.0045650886682,304.0091301773364,315.7756998677736,True,CONVERGENCE: RELATIVE REDUCTION OF F <= FACTR*EPSMCH,104,0,0.21570375750820422,-2.4193411718442803e-09,2.0000000048386823,4.941642427448016,4.048574780979308e-09,old,old,old,6.725268183439766,-11.450536366879533,-8.508893944270199,-0.029711641836570823,t0var,t0var,t0var,-6.7252681858591075,13.450536371718215,13.450536371718215,0.029711645885145604,t0var,t0var,t0var,t0var,t0var,t0var,140,40,63.48314380645752,1,2902416131,reduced
277,S08_t0var_strong,t0var,gamma,10,42.0,3.6,0.018,18.0,0.0,0.02,20.0,33.940533793713485,3.7170522173140514,0.00968064104294292,9.68064104294292,-162.98931151515177,162.98931151515177,331.97862303030354,340.8035502981314,True,CONVERGENCE: RELATIVE REDUCTION OF F <= FACTR*EPSMCH,33,0,0.2431649481548559,33.94052852822129,3.717051469248976,0.009680627994166286,9.680627994166286,0.0001,-162.98931156626088,162.98931156626088,333.97862313252176,345.745192822959,True,CONVERGENCE: RELATIVE REDUCTION OF F <= FACTR*EPSMCH,107,0,0.24316497510803686,38.492052659841136,3.6728198684921813,0.016920136141995237,16.920136141995236,0.020443233372138492,20.443233372138494,-159.9240755637408,159.9240755637408,327.8481511274816,339.6147208179188,True,CONVERGENCE: RELATIVE REDUCTION OF F <= FACTR*EPSMCH,104,0,0.23563027688535093,-5.110911160954856e-08,2.000000102218223,4.941642524827557,2.6953180964905954e-08,old,old,old,3.0652359514109833,-4.1304719028219665,-1.1888294802126325,-0.007534671269504967,t0var,t0var,t0var,-3.065236002520095,6.13047200504019,6.13047200504019,0.007534698222685932,t0var,t0var,t0var,t0var,t0var,t0var,140,43,74.61551690101624,2,728578662,reduced
278,S08_t0var_strong,t0var,gamma,10,42.0,3.6,0.018,18.0,0.0,0.02,20.0,38.335634597363594,3.7625406346335963,0.01507508551976007,15.075085519760071,-145.39352496561582,145.39352496561582,296.78704993123165,305.61197719905954,True,CONVERGENCE: RELATIVE REDUCTION OF F <= FACTR*EPSMCH,33,0,0.3033451032000892,38.3356293001459,3.7625413346633154,0.015075074900288124,15.075074900288124,0.0001,-145.39352516223238,145.39352516223238,298.78705032446476,310.553620014902,True,CONVERGENCE: RELATIVE REDUCTION OF F <= FACTR*EPSMCH,107,0,0.30334507548899164,41.756911723735435,3.7304516478768215,0.019683442926236194,19.683442926236193,0.010571708936076826,10.571708936076826,-144.63277186870124,144.63277186870124,297.2655437374025,309.0321134278397,True,CONVERGENCE: RELATIVE REDUCTION OF F <= FACTR*EPSMCH,104,0,0.29276061080792976,-1.9661655414893175e-07,2.0000003932331083,4.941642815842442,-2.7711097527749473e-08,old,old,new,0.7607530969145841,0.4784938061708317,3.4201362287801658,-0.010584492392159417,old,old,t0var,-0.7607532935311383,1.5215065870622766,1.5215065870622766,0.01058446468106189,t0var,t0var,t0var,old,old,t0var,140,41,42.383299350738525,3,4198468090,reduced
279,S08_t0var_strong,t0var,gamma,10,42.0,3.6,0.018,18.0,0.0,0.02,20.0,42.14133278708489,3.574013723155902,0.01303447353886209,13.03447353886209,-151.33266599909962,151.33266599909962,308.66533199819924,317.4902592660271,True,CONVERGENCE: RELATIVE REDUCTION OF F <= FACTR*EPSMCH,33,0,0.1957776639725327,42.1412289746402,3.5740154773223964,0.01303442361976186,13.03442361976186,0.0001,-151.33266605198887,151.33266605198887,310.66533210397773,322.43190179441496,True,CONVERGENCE: RELATIVE REDUCTION OF F <= FACTR*EPSMCH,107,0,0.195777126862492,52.51774171606776,3.5138980405795337,0.02346080285743775,23.46080285743775,0.018864432295795475,18.864432295795474,-146.9653735827079,146.9653735827079,301.9307471654158,313.69731685585305,True,CONVERGENCE: RELATIVE REDUCTION OF F <= FACTR*EPSMCH,104,0,0.17765054907680428,-5.288924853630306e-08,2.000000105778497,4.941642528387831,-5.371100407214335e-07,old,old,new,4.367292416391706,-6.734584832783412,-3.792942410174078,-0.018127114895728436,t0var,t0var,t0var,-4.3672924692809545,8.734584938561909,8.734584938561909,0.018126577785687714,t0var,t0var,t0var,t0var,t0var,t0var,140,43,58.76469540596008,4,1855163943,reduced
280,S08_t0var_strong,t0var,gamma,10,42.0,3.6,0.018,18.0,0.0,0.02,20.0,36.081733947672646,3.689657901455045,0.007045159238815829,7.045159238815828,-171.73410850517243,171.73410850517243,349.46821701034486,358.29314427817275,True,CONVERGENCE: RELATIVE REDUCTION OF F <= FACTR*EPSMCH,33,0,0.32651498292771997,43.667155688752146,3.5938932757655926,0.00940267271903883,9.40267271903883,0.4620722486899306,-170.33035112095718,170.33035112095718,348.66070224191435,360.4272719323516,True,CONVERGENCE: RELATIVE REDUCTION OF F <= FACTR*EPSMCH,107,0,0.3548231654208698,48.73080265635365,3.57158716983692,0.022662126697034553,22.66212669703455,0.033072413907265445,33.07241390726544,-161.24021990547914,161.24021990547914,330.4804398109583,342.2470095013955,True,CONVERGENCE: RELATIVE REDUCTION OF F <= FACTR*EPSMCH,104,0,0.30787421719059577,1.403757384215254,-0.807514768430508,2.134127654178826,0.028308182493149814,new,old,old,10.493888599693292,-18.987777199386585,-16.04613477677725,-0.0186407657371242,t0var,t0var,t0var,-9.090131215478038,18.180262430956077,18.180262430956077,0.04694894823027401,t0var,t0var,t0var,t0var,t0var,t0var,140,44,78.7459704875946,5,3722490200,reduced
281,S08_t0var_strong,t0var,gamma,10,42.0,3.6,0.018,18.0,0.0,0.02,20.0,36.23546507863752,3.5954206343323203,0.011593973929435201,11.5939739294352,-158.96003570069212,158.96003570069212,323.92007140138423,332.7449986692121,True,CONVERGENCE: RELATIVE REDUCTION OF F <= FACTR*EPSMCH,33,0,0.2176522763505517,36.23546590138281,3.595420580026543,0.011593970036772074,11.593970036772074,0.0001,-158.96003571172022,158.96003571172022,325.92007142344045,337.68664111387767,True,CONVERGENCE: RELATIVE REDUCTION OF F <= FACTR*EPSMCH,107,0,0.2176523011120012,38.67304986278135,3.5739964770079706,0.014975909558179536,14.975909558179536,0.013531484705677903,13.531484705677903,-157.72769893170445,157.72769893170445,323.4553978634089,335.2219675538461,True,CONVERGENCE: RELATIVE REDUCTION OF F <= FACTR*EPSMCH,104,0,0.21184281909849795,-1.1028106428057072e-08,2.000000022056213,4.941642444665547,2.476144950191994e-08,old,old,old,1.2323367689876648,-0.4646735379753295,2.4769688846340046,-0.005809457252053757,t0var,old,t0var,-1.2323367800157712,2.4646735600315424,2.4646735600315424,0.005809482013503259,t0var,t0var,t0var,t0var,old,t0var,140,44,48.172645568847656,6,4242687943,reduced
282,S08_t0var_strong,t0var,gamma,10,42.0,3.6,0.018,18.0,0.0,0.02,20.0,42.23690924987459,3.685899338415776,0.014109671951700513,14.109671951700513,-165.30793302738797,165.30793302738797,336.61586605477595,345.44079332260384,True,CONVERGENCE: RELATIVE REDUCTION OF F <= FACTR*EPSMCH,33,0,0.25420722498228293,48.63399349075932,3.6432590956297957,0.015223000659546312,15.223000659546312,0.4096207965229202,-164.23130150453457,164.23130150453457,336.46260300906914,348.22917269950636,True,CONVERGENCE: RELATIVE REDUCTION OF F <= FACTR*EPSMCH,107,0,0.26705293086739973,54.39624858997115,3.6070259700312284,0.02609864334845289,26.09864334845289,0.027038137372281317,27.038137372281316,-156.84068614669408,156.84068614669408,321.68137229338816,333.4479419838254,True,CONVERGENCE: RELATIVE REDUCTION OF F <= FACTR*EPSMCH,104,0,0.27990559774563095,1.076631522853404,-0.15326304570680804,2.788379376902526,0.012845705885116798,new,old,old,8.467246880693892,-14.934493761387785,-11.99285133877845,0.02569837276334802,t0var,t0var,old,-7.390615357840488,14.781230715680977,14.781230715680977,-0.012852666878231223,t0var,t0var,new,t0var,t0var,old,140,46,78.71986031532288,7,198032413,reduced
283,S08_t0var_strong,t0var,gamma,10,42.0,3.6,0.018,18.0,0.0,0.02,20.0,34.65845695338564,3.8881200164425898,0.004864126700501359,4.864126700501359,-163.89801971571245,163.89801971571245,333.7960394314249,342.6209666992528,True,CONVERGENCE: RELATIVE REDUCTION OF F <= FACTR*EPSMCH,33,0,0.20081782737732798,34.6584519518452,3.8881198401335295,0.004864111220108622,4.864111220108622,0.0001,-163.8980197957067,163.8980197957067,335.7960395914134,347.5626092818506,True,CONVERGENCE: RELATIVE REDUCTION OF F <= FACTR*EPSMCH,107,0,0.20081784244821785,37.43940810311988,3.833415550983969,0.008689341835665792,8.689341835665791,0.01927567576167509,19.27567576167509,-161.7386538694507,161.7386538694507,331.4773077389014,343.2438774293386,True,CONVERGENCE: RELATIVE REDUCTION OF F <= FACTR*EPSMCH,104,0,0.19949416531448383,-7.999423701221531e-08,2.000000159988474,4.941642582597808,1.50708898694063e-08,old,old,old,2.1593658462617498,-2.3187316925234995,0.6229107300858345,-0.0013236620628441498,t0var,old,t0var,-2.159365926255987,4.318731852511974,4.318731852511974,0.0013236771337340192,t0var,t0var,t0var,t0var,old,t0var,140,45,44.48683261871338,8,4143213144,reduced
284,S08_t0var_strong,t0var,gamma,10,42.0,3.6,0.018,18.0,0.0,0.02,20.0,32.785833272157554,3.584237284295277,0.006208588675715846,6.208588675715847,-165.82622773499463,165.82622773499463,337.65245546998926,346.47738273781715,True,CONVERGENCE: RELATIVE REDUCTION OF F <= FACTR*EPSMCH,33,0,0.31417003467281907,32.78601203742181,3.5842244268052426,0.006208701478135733,6.208701478135733,0.0001,-165.82622778961309,165.82622778961309,339.65245557922617,351.4190252696634,True,CONVERGENCE: RELATIVE REDUCTION OF F <= FACTR*EPSMCH,107,0,0.31417183898725515,41.04188366270927,3.5189016492970415,0.018463392387339454,18.463392387339454,0.023915660075517473,23.915660075517472,-159.38803320223593,159.38803320223593,326.77606640447186,338.5426360949091,True,CONVERGENCE: RELATIVE REDUCTION OF F <= FACTR*EPSMCH,104,0,0.28394162613518276,-5.461845375975827e-08,2.0000001092369075,4.941642531846242,1.8043144360824215e-06,old,old,old,6.4381945327587005,-10.876389065517401,-7.934746642908067,-0.03022840853763631,t0var,t0var,t0var,-6.438194587377154,12.876389174754308,12.876389174754308,0.03023021285207239,t0var,t0var,t0var,t0var,t0var,t0var,140,42,41.250699043273926,9,1246930851,reduced
285,S08_t0var_strong,t0var,gamma,10,42.0,3.6,0.018,18.0,0.0,0.02,20.0,34.308400781918714,3.533618913715283,0.0058776935643626745,5.877693564362675,-166.078916712778,166.078916712778,338.157833425556,346.9827606933839,True,CONVERGENCE: RELATIVE REDUCTION OF F <= FACTR*EPSMCH,33,0,0.2854415605937986,35.07839056209858,3.524794813385218,0.006252182098845184,6.252182098845184,0.15358716963358288,-166.0557178951287,166.0557178951287,340.1114357902574,351.87800548069464,True,CONVERGENCE: RELATIVE REDUCTION OF F <= FACTR*EPSMCH,107,0,0.28959174518106,40.081268068286654,3.4843663398334574,0.013946137997401931,13.94613799740193,0.026839590961498683,26.839590961498683,-162.6974358700876,162.6974358700876,333.3948717401752,345.1614414306124,True,CONVERGENCE: RELATIVE REDUCTION OF F <= FACTR*EPSMCH,104,0,0.27490368403827653,0.023198817649301873,1.9536023647013963,4.89524478731073,0.004150184587261407,old,old,old,3.381480842690422,-4.762961685380844,-1.8213192627715102,-0.010537876555522074,t0var,t0var,t0var,-3.3582820250411203,6.7165640500822406,6.7165640500822406,0.014688061142783482,t0var,t0var,t0var,t0var,t0var,t0var,140,45,51.25160837173462,10,4020691960,reduced
286,S08_t0var_strong,t0var,gamma,10,42.0,3.6,0.018,18.0,0.0,0.02,20.0,42.01663599996141,3.460291986917796,0.01756147028372912,17.56147028372912,-151.06399330230678,151.06399330230678,308.12798660461357,316.95291387244146,True,CONVERGENCE: RELATIVE REDUCTION OF F <= FACTR*EPSMCH,33,0,0.21023099245365665,49.654713841493034,3.4187401270725224,0.018227127017114753,18.227127017114753,0.42680814688007257,-148.99221565905412,148.99221565905412,305.98443131810825,317.7510010085455,True,CONVERGENCE: RELATIVE REDUCTION OF F <= FACTR*EPSMCH,107,0,0.2024924498059108,42.0163712257828,3.460292643727837,0.017561096822232166,17.561096822232166,0.0001,0.1,-151.06410354954633,151.06410354954633,310.12820709909266,321.8947767895299,True,CONVERGENCE: RELATIVE REDUCTION OF F <= FACTR*EPSMCH,104,0,0.21023185660464724,2.071777643252659,-2.1435552865053182,0.7980871361040158,-0.007738542647745844,new,old,new,-0.00011024723954733417,2.0002204944790947,4.941862917088429,8.641509905982225e-07,old,old,old,2.0718878904922065,-4.143775780984413,-4.143775780984413,-0.007739406798736442,new,new,new,new,old,new,140,44,55.47073292732239,11,3703941559,reduced
287,S08_t0var_strong,t0var,gamma,10,42.0,3.6,0.018,18.0,0.0,0.02,20.0,42.83897604560227,3.571118146569597,0.01625295273451088,16.25295273451088,-141.74020515374582,141.74020515374582,289.48041030749164,298.3053375753195,True,CONVERGENCE: RELATIVE REDUCTION OF F <= FACTR*EPSMCH,33,0,0.17980784722225218,42.83896728256882,3.571117835143965,0.01625295948607019,16.25295948607019,0.0001,-141.74020531156114,141.74020531156114,291.4804106231223,303.2469803135595,True,CONVERGENCE: RELATIVE REDUCTION OF F <= FACTR*EPSMCH,107,0,0.1798077754954143,49.1930449443198,3.536839651629209,0.02315333948629805,23.153339486298048,0.012279569551889203,12.279569551889203,-139.81702333340715,139.81702333340715,287.6340466668143,299.4006163572515,True,CONVERGENCE: RELATIVE REDUCTION OF F <= FACTR*EPSMCH,104,0,0.16915591993544704,-1.578153216996725e-07,2.0000003156306434,4.9416427382399775,-7.172683788581047e-08,old,old,new,1.9231818203386695,-1.846363640677339,1.0952787819319951,-0.01065192728680514,t0var,old,t0var,-1.9231819781539912,3.8463639563079823,3.8463639563079823,0.010651855559967255,t0var,t0var,t0var,t0var,old,t0var,140,41,63.325408935546875,12,332957984,reduced
288,S08_t0var_strong,t0var,gamma,10,42.0,3.6,0.018,18.0,0.0,0.02,20.0,32.05385330234948,3.6362100462543983,0.006835122131326365,6.835122131326365,-167.32414714749,167.32414714749,340.64829429498,349.4732215628079,True,CONVERGENCE: RELATIVE REDUCTION OF F <= FACTR*EPSMCH,33,0,0.3226542218961316,32.426244437007114,3.62972193705539,0.007003483624825451,7.003483624825451,0.1182878637780819,-167.3157321922499,167.3157321922499,342.6314643844998,354.398034074937,True,CONVERGENCE: RELATIVE REDUCTION OF F <= FACTR*EPSMCH,107,0,0.32443616895236965,38.53333489257423,3.5674758573341476,0.01719304523086294,17.19304523086294,0.0247260130469516,24.7260130469516,-161.9318259375716,161.9318259375716,331.8636518751432,343.6302215655804,True,CONVERGENCE: RELATIVE REDUCTION OF F <= FACTR*EPSMCH,104,0,0.3061316755280977,0.008414955240112931,1.9831700895197741,4.924812512129108,0.0017819470562380757,old,old,old,5.392321209918407,-8.784642419836814,-5.84299999722748,-0.016522546368033852,t0var,t0var,t0var,-5.383906254678294,10.767812509356588,10.767812509356588,0.018304493424271928,t0var,t0var,t0var,t0var,t0var,t0var,140,45,48.542195081710815,13,2580621796,reduced
289,S08_t0var_strong,t0var,gamma,10,42.0,3.6,0.018,18.0,0.0,0.02,20.0,34.0312890447964,3.712509149646561,0.005838604692709253,5.838604692709253,-167.67440756435496,167.67440756435496,341.34881512870993,350.1737423965378,True,CONVERGENCE: RELATIVE REDUCTION OF F <= FACTR*EPSMCH,33,0,0.23082593383638114,35.462507826643,3.689739162134522,0.006627519851220533,6.6275198512205336,0.19812996312709194,-167.5859339038468,167.5859339038468,343.1718678076936,354.93843749813084,True,CONVERGENCE: RELATIVE REDUCTION OF F <= FACTR*EPSMCH,107,0,0.23252088278720306,37.47082630331871,3.666461865527759,0.010946020199937284,10.946020199937285,0.020571863839672272,20.57186383967227,-164.92115588654934,164.92115588654934,337.8423117730987,349.6088814635359,True,CONVERGENCE: RELATIVE REDUCTION OF F <= FACTR*EPSMCH,104,0,0.2199949438815507,0.08847366050815708,1.8230526789836858,4.76469510159302,0.0016949489508219229,old,old,old,2.753251677805622,-3.506503355611244,-0.5648609330019099,-0.01083098995483045,t0var,t0var,t0var,-2.664778017297465,5.32955603459493,5.32955603459493,0.012525938905652373,t0var,t0var,t0var,t0var,t0var,t0var,140,48,54.14267587661743,14,348713104,reduced
290,S08_t0var_strong,t0var,gamma,10,42.0,3.6,0.018,18.0,0.0,0.02,20.0,37.66621966939095,3.6141733607670834,0.011480836426547361,11.480836426547361,-161.40258915299333,161.40258915299333,328.80517830598666,337.63010557381455,True,CONVERGENCE: RELATIVE REDUCTION OF F <= FACTR*EPSMCH,33,0,0.3054688856340343,37.66621356964519,3.614173456853784,0.011480826861271146,11.480826861271145,0.0001,-161.40258917239618,161.40258917239618,330.80517834479235,342.5717480352296,True,CONVERGENCE: RELATIVE REDUCTION OF F <= FACTR*EPSMCH,107,0,0.30546890835002527,46.64093089468406,3.5559407563896968,0.022087329562984936,22.087329562984937,0.023216936110298635,23.216936110298636,-156.31493093205128,156.31493093205128,320.62986186410257,332.3964315545398,True,CONVERGENCE: RELATIVE REDUCTION OF F <= FACTR*EPSMCH,104,0,0.2613951846434364,-1.9402847328819917e-08,2.0000000388056947,4.941642461415029,2.2715990977140166e-08,old,old,old,5.087658220942046,-8.175316441884092,-5.233674019274758,-0.044073700990597875,t0var,t0var,t0var,-5.087658240344894,10.175316480689787,10.175316480689787,0.04407372370658885,t0var,t0var,t0var,t0var,t0var,t0var,140,42,81.25674510002136,15,1478576672,reduced
291,S08_t0var_strong,t0var,gamma,10,42.0,3.6,0.018,18.0,0.0,0.02,20.0,33.75828240447348,3.7214020830820465,0.007579273032956718,7.579273032956718,-162.8890235768452,162.8890235768452,331.7780471536904,340.6029744215183,True,CONVERGENCE: RELATIVE REDUCTION OF F <= FACTR*EPSMCH,33,0,0.2721887196334695,33.75828651516182,3.721402187179651,0.007579286135029487,7.579286135029487,0.0001,-162.88902359973284,162.88902359973284,333.7780471994657,345.5446168899029,True,CONVERGENCE: RELATIVE REDUCTION OF F <= FACTR*EPSMCH,107,0,0.27218870034665815,34.754640472511596,3.706505229905089,0.008935053321568583,8.935053321568583,0.012829679676159743,12.829679676159742,-162.7148926970384,162.7148926970384,333.4297853940768,345.19635508451404,True,CONVERGENCE: RELATIVE REDUCTION OF F <= FACTR*EPSMCH,104,0,0.26727625246389314,-2.2887633122081752e-08,2.0000000457752662,4.9416424683846,-1.9286811370200496e-08,old,old,new,0.1741308798067962,1.6517382403864076,4.593380662995742,-0.004912467169576384,old,old,t0var,-0.17413090269442932,0.34826180538885865,0.34826180538885865,0.004912447882765014,t0var,t0var,t0var,old,old,t0var,140,47,54.68117380142212,16,3787514017,reduced
292,S08_t0var_strong,t0var,gamma,10,42.0,3.6,0.018,18.0,0.0,0.02,20.0,43.849355049789985,3.51248955082968,0.018242059578071436,18.242059578071437,-142.82843864905362,142.82843864905362,291.65687729810725,300.48180456593514,True,CONVERGENCE: RELATIVE REDUCTION OF F <= FACTR*EPSMCH,33,0,0.24834359784576604,43.84936774637317,3.5124895586318474,0.018242063908905707,18.242063908905706,0.0001,-142.82843868787023,142.82843868787023,293.65687737574046,305.4234470661777,True,CONVERGENCE: RELATIVE REDUCTION OF F <= FACTR*EPSMCH,107,0,0.24834362013678396,58.39229536953041,3.4557355385291273,0.03132030876597973,31.32030876597973,0.017837407289711102,17.837407289711102,-138.93069998789673,138.93069998789673,285.86139997579346,297.6279696662307,True,CONVERGENCE: RELATIVE REDUCTION OF F <= FACTR*EPSMCH,104,0,0.20544430136181424,-3.881660859406111e-08,2.000000077633217,4.941642500242551,2.2291017920395007e-08,old,old,old,3.897738661156893,-5.795477322313786,-2.8538348997044523,-0.0428992964839518,t0var,t0var,t0var,-3.8977386999735018,7.7954773999470035,7.7954773999470035,0.04289931877496972,t0var,t0var,t0var,t0var,t0var,t0var,140,43,72.02583742141724,17,238811247,reduced
293,S08_t0var_strong,t0var,gamma,10,42.0,3.6,0.018,18.0,0.0,0.02,20.0,34.418454484891086,3.6849272714785353,0.004759105007774536,4.759105007774536,-170.53241880362174,170.53241880362174,347.0648376072435,355.88976487507136,True,CONVERGENCE: NORM OF PROJECTED GRADIENT <= PGTOL,33,0,0.2844900772810522,36.0695724532501,3.6636175640634474,0.005736319615423326,5.7363196154233265,0.21162066830621867,-170.42356009257253,170.42356009257253,348.84712018514506,360.6136898755823,True,CONVERGENCE: RELATIVE REDUCTION OF F <= FACTR*EPSMCH,107,0,0.2880249801815741,37.39626109258085,3.646251824480381,0.008930344242034127,8.930344242034128,0.021581792564974434,21.581792564974435,-167.57110525533005,167.57110525533005,343.1422105106601,354.90878020109733,True,CONVERGENCE: RELATIVE REDUCTION OF F <= FACTR*EPSMCH,104,0,0.2875359900305633,0.10885871104920852,1.782282577901583,4.723925000510917,0.0035349029005218857,old,old,old,2.9613135482916846,-3.922627096583369,-0.9809846739740351,0.003045912749511104,t0var,t0var,old,-2.852454837242476,5.704909674484952,5.704909674484952,0.0004889901510107819,t0var,t0var,t0var,t0var,t0var,old,140,46,56.752904653549194,18,2513897623,reduced
294,S08_t0var_strong,t0var,gamma,10,42.0,3.6,0.018,18.0,0.0,0.02,20.0,39.87547906279846,3.70579523166344,0.013580054640096812,13.580054640096812,-155.95886652941718,155.95886652941718,317.91773305883436,326.74266032666225,True,CONVERGENCE: RELATIVE REDUCTION OF F <= FACTR*EPSMCH,33,0,0.2762928571540823,39.87544207949559,3.70579458870687,0.013580075081844263,13.580075081844262,0.0001,-155.95886654734846,155.95886654734846,319.9177330946969,331.68430278513415,True,CONVERGENCE: RELATIVE REDUCTION OF F <= FACTR*EPSMCH,107,0,0.27629275860463726,45.748776485383246,3.6618756428611485,0.020466759697530996,20.466759697530996,0.017658812504327503,17.658812504327503,-153.24229610970198,153.24229610970198,314.48459221940396,326.2511619098412,True,CONVERGENCE: RELATIVE REDUCTION OF F <= FACTR*EPSMCH,104,0,0.2632420811651758,-1.793128490135132e-08,2.00000003586257,4.941642458471904,-9.854944504894547e-08,old,old,new,2.7165704197151967,-3.4331408394303935,-0.49149841682105944,-0.013050775988906527,t0var,t0var,t0var,-2.7165704376464817,5.433140875292963,5.433140875292963,0.013050677439461478,t0var,t0var,t0var,t0var,t0var,t0var,140,46,61.06826090812683,19,3276513167,reduced
295,S08_t0var_strong,t0var,gamma,10,42.0,3.6,0.018,18.0,0.0,0.02,20.0,41.53742029514804,3.449697022560792,0.018880272839498013,18.880272839498012,-151.82078755614407,151.82078755614407,309.64157511228814,318.466502380116,True,CONVERGENCE: RELATIVE REDUCTION OF F <= FACTR*EPSMCH,33,0,0.26145909712846305,47.798668724995764,3.418727208079304,0.019088600180465584,19.088600180465583,0.44173884533761454,-150.66980107220522,150.66980107220522,309.33960214441043,321.10617183484766,True,CONVERGENCE: RELATIVE REDUCTION OF F <= FACTR*EPSMCH,107,0,0.2878258802887546,55.578297567862954,3.3961892567071343,0.03275471916797334,32.75471916797334,0.021859020195482384,21.859020195482383,-147.84882464100988,147.84882464100988,303.69764928201977,315.464218972457,True,CONVERGENCE: RELATIVE REDUCTION OF F <= FACTR*EPSMCH,104,0,0.2896613151095939,1.1509864839388513,-0.30197296787770256,2.6396694547316315,0.026366783160291563,new,old,old,3.971962915134185,-5.94392583026837,-3.0022834076590357,0.028202217981130873,t0var,t0var,old,-2.8209764311953336,5.641952862390667,5.641952862390667,-0.00183543482083931,t0var,t0var,new,t0var,t0var,old,140,42,56.94533061981201,20,2872501728,reduced
296,S08_t0var_strong,t0var,gamma,10,42.0,3.6,0.018,18.0,0.0,0.02,20.0,33.32602691839934,3.632392235040266,0.005642991980504669,5.642991980504669,-181.18728759145208,181.18728759145208,368.37457518290415,377.19950245073204,True,CONVERGENCE: RELATIVE REDUCTION OF F <= FACTR*EPSMCH,33,0,0.31427941043464214,48.99066442408574,3.5031447916887766,0.011389797021143483,11.389797021143483,0.6459889161238676,-175.56668852970384,175.56668852970384,359.1333770594077,370.8999467498449,True,CONVERGENCE: RELATIVE REDUCTION OF F <= FACTR*EPSMCH,107,0,0.3353389673806418,37.663425299246825,3.564090095518903,0.010669492185616507,10.669492185616507,0.035967149444123304,35.96714944412331,-174.9313304435494,174.9313304435494,357.8626608870988,369.629230577536,True,CONVERGENCE: NORM OF PROJECTED GRADIENT <= PGTOL,104,0,0.316652024382519,5.620599061748237,-9.241198123496474,-6.29955570088714,0.021059556945999647,new,new,old,6.255957147902677,-10.511914295805354,-7.57027187319602,0.002372613947876856,t0var,t0var,old,-0.6353580861544401,1.2707161723088802,1.2707161723088802,0.01868694299812279,t0var,t0var,t0var,t0var,t0var,old,140,50,47.05584263801575,21,6523142,reduced
297,S08_t0var_strong,t0var,gamma,10,42.0,3.6,0.018,18.0,0.0,0.02,20.0,38.51614590773205,3.4414734886193235,0.010440412501894527,10.440412501894528,-152.1852371621367,152.1852371621367,310.3704743242734,319.1954015921013,True,CONVERGENCE: RELATIVE REDUCTION OF F <= FACTR*EPSMCH,33,0,0.3149790679967183,38.516147476288374,3.441473480900558,0.010440417469399608,10.440417469399609,0.0001,-152.18523726992683,152.18523726992683,312.37047453985366,324.1370442302909,True,CONVERGENCE: RELATIVE REDUCTION OF F <= FACTR*EPSMCH,107,0,0.3149790509378188,46.74919153966188,3.398271998082646,0.019587111348388506,19.587111348388508,0.022051996656334914,22.051996656334914,-150.61450264982108,150.61450264982108,309.22900529964215,320.9955749900794,True,CONVERGENCE: RELATIVE REDUCTION OF F <= FACTR*EPSMCH,104,0,0.27531899084359013,-1.0779012882267125e-07,2.0000002155802576,4.941642638189592,-1.705889951519879e-08,old,old,new,1.5707345123156244,-1.1414690246312489,1.8001733979780852,-0.03966007715312819,t0var,old,t0var,-1.5707346201057533,3.1414692402115065,3.1414692402115065,0.03966006009422868,t0var,t0var,t0var,t0var,old,t0var,140,39,39.355021476745605,22,2907617202,reduced
298,S08_t0var_strong,t0var,gamma,10,42.0,3.6,0.018,18.0,0.0,0.02,20.0,40.73915018157114,3.7726722439772815,0.012867555765512299,12.867555765512298,-154.19024649334852,154.19024649334852,314.38049298669705,323.20542025452494,True,CONVERGENCE: RELATIVE REDUCTION OF F <= FACTR*EPSMCH,33,0,0.20884077936705187,40.73914486071129,3.7726722405879025,0.012867552888634474,12.867552888634474,0.0001,-154.1902465935651,154.1902465935651,316.3804931871302,328.1470628775674,True,CONVERGENCE: RELATIVE REDUCTION OF F <= FACTR*EPSMCH,107,0,0.20884076295373533,48.89094358815334,3.7129767898391624,0.021943780948973295,21.943780948973295,0.019018462368135904,19.018462368135904,-149.98514732709182,149.98514732709182,307.97029465418365,319.73686434462087,True,CONVERGENCE: RELATIVE REDUCTION OF F <= FACTR*EPSMCH,104,0,0.18764182679097788,-1.0021656748904206e-07,2.000000200433135,4.941642623042469,-1.641331653923217e-08,old,old,new,4.205099166256701,-6.410198332513403,-3.468555909904069,-0.021198952576073987,t0var,t0var,t0var,-4.205099266473269,8.410198532946538,8.410198532946538,0.021198936162757448,t0var,t0var,t0var,t0var,t0var,t0var,140,42,58.390920639038086,23,398759963,reduced
299,S08_t0var_strong,t0var,gamma,10,42.0,3.6,0.018,18.0,0.0,0.02,20.0,41.09316601848946,3.6423497778833176,0.016549843587486866,16.549843587486865,-151.88144493879835,151.88144493879835,309.7628898775967,318.5878171454246,True,CONVERGENCE: RELATIVE REDUCTION OF F <= FACTR*EPSMCH,33,0,0.24215152192501854,41.244555185461216,3.641155402085732,0.016586998927290073,16.58699892729007,0.05924068752173619,-151.88041644229236,151.88041644229236,311.7608328845847,323.52740257502194,True,CONVERGENCE: RELATIVE REDUCTION OF F <= FACTR*EPSMCH,107,0,0.241658839471374,42.04159519237469,3.634936902341181,0.017941265490356677,17.941265490356678,0.009127327212910158,9.127327212910158,-150.92293631612344,150.92293631612344,309.8458726322469,321.6124423226841,False,ABNORMAL: ,104,0,0.25259679484031855,0.0010284965059952356,1.9979430069880095,4.939585429597344,-0.0004926824536445329,old,old,new,0.9585086226749127,0.08298275465017468,3.0246251772595087,0.010445272915300008,old,old,old,-0.9574801261689174,1.9149602523378348,1.9149602523378348,-0.01093795536894454,t0var,t0var,new,old,old,new,140,43,89.54489731788635,24,3458230640,reduced
300,S08_t0var_strong,t0var,gamma,10,42.0,3.6,0.018,18.0,0.0,0.02,20.0,33.97605798774705,3.631860783892716,0.008330061515827243,8.330061515827243,-164.8457120682673,164.8457120682673,335.6914241365346,344.51635140436247,True,CONVERGENCE: RELATIVE REDUCTION OF F <= FACTR*EPSMCH,33,0,0.20152861657156498,33.97605357396163,3.631860850609553,0.008330067725614275,8.330067725614276,0.0001,-164.84571208730333,164.84571208730333,337.69142417460665,349.4579938650439,True,CONVERGENCE: RELATIVE REDUCTION OF F <= FACTR*EPSMCH,107,0,0.20152858563088724,38.17876588259881,3.59082170493219,0.014696346602013214,14.696346602013215,0.021704838692557644,21.704838692557644,-162.26898221916815,162.26898221916815,332.5379644383363,344.3045341287735,True,CONVERGENCE: RELATIVE REDUCTION OF F <= FACTR*EPSMCH,104,0,0.18456300621751787,-1.9036036746911122e-08,2.0000000380720735,4.941642460681408,-3.0940677742119505e-08,old,old,new,2.576729849099138,-3.153459698198276,-0.2118172755889418,-0.016965610354047117,t0var,t0var,t0var,-2.5767298681351747,5.153459736270349,5.153459736270349,0.016965579413369375,t0var,t0var,t0var,t0var,t0var,t0var,140,46,46.69416618347168,25,4267067873,reduced
